document_id,document_type,title,approval_status,sharepoint_path,content
DOC-001,SOP,Fermentation SOP v1,Approved,Quality/EnzymeProduction,"Approved Aspergillus niger enzyme fermentation procedure. Target temperature 29-31 C, pH 5.5-6.1, dissolved oxygen generally above 25%, controlled feed profile, deviation documentation required."
DOC-002,SOP,Fermentation SOP v2,Approved,Quality/EnzymeProduction,"Approved Aspergillus niger enzyme fermentation procedure. Target temperature 29-31 C, pH 5.5-6.1, dissolved oxygen generally above 25%, controlled feed profile, deviation documentation required."
DOC-003,SOP,Fermentation SOP v3,Approved,Quality/EnzymeProduction,"Approved Aspergillus niger enzyme fermentation procedure. Target temperature 29-31 C, pH 5.5-6.1, dissolved oxygen generally above 25%, controlled feed profile, deviation documentation required."
DOC-004,SOP,Fermentation SOP v4,Approved,Quality/EnzymeProduction,"Approved Aspergillus niger enzyme fermentation procedure. Target temperature 29-31 C, pH 5.5-6.1, dissolved oxygen generally above 25%, controlled feed profile, deviation documentation required."
DOC-005,SOP,Fermentation SOP v5,Approved,Quality/EnzymeProduction,"Approved Aspergillus niger enzyme fermentation procedure. Target temperature 29-31 C, pH 5.5-6.1, dissolved oxygen generally above 25%, controlled feed profile, deviation documentation required."
DOC-006,Deviation Investigation,Deviation Investigation B2026-0111,Closed,Quality/EnzymeProduction,"Investigation for B2026-0111. Review of dissolved oxygen, feed rate, temperature, raw material lot, inoculum, HPLC purity, and enzyme activity. Sustained low dissolved oxygen and aggressive feed were evaluated as possible yield drivers."
DOC-007,Deviation Investigation,Deviation Investigation B2026-0228,Closed,Quality/EnzymeProduction,"Investigation for B2026-0228. Review of dissolved oxygen, feed rate, temperature, raw material lot, inoculum, HPLC purity, and enzyme activity. Sustained low dissolved oxygen and aggressive feed were evaluated as possible yield drivers."
DOC-008,Deviation Investigation,Deviation Investigation B2026-0280,Closed,Quality/EnzymeProduction,"Investigation for B2026-0280. Review of dissolved oxygen, feed rate, temperature, raw material lot, inoculum, HPLC purity, and enzyme activity. Sustained low dissolved oxygen and aggressive feed were evaluated as possible yield drivers."
DOC-009,Deviation Investigation,Deviation Investigation B2026-0273,Closed,Quality/EnzymeProduction,"Investigation for B2026-0273. Review of dissolved oxygen, feed rate, temperature, raw material lot, inoculum, HPLC purity, and enzyme activity. Sustained low dissolved oxygen and aggressive feed were evaluated as possible yield drivers."
DOC-010,Deviation Investigation,Deviation Investigation B2026-0156,Closed,Quality/EnzymeProduction,"Investigation for B2026-0156. Review of dissolved oxygen, feed rate, temperature, raw material lot, inoculum, HPLC purity, and enzyme activity. Sustained low dissolved oxygen and aggressive feed were evaluated as possible yield drivers."
DOC-011,Deviation Investigation,Deviation Investigation B2026-0141,Closed,Quality/EnzymeProduction,"Investigation for B2026-0141. Review of dissolved oxygen, feed rate, temperature, raw material lot, inoculum, HPLC purity, and enzyme activity. Sustained low dissolved oxygen and aggressive feed were evaluated as possible yield drivers."
DOC-012,Deviation Investigation,Deviation Investigation B2026-0120,Closed,Quality/EnzymeProduction,"Investigation for B2026-0120. Review of dissolved oxygen, feed rate, temperature, raw material lot, inoculum, HPLC purity, and enzyme activity. Sustained low dissolved oxygen and aggressive feed were evaluated as possible yield drivers."
DOC-013,Deviation Investigation,Deviation Investigation B2026-0161,Closed,Quality/EnzymeProduction,"Investigation for B2026-0161. Review of dissolved oxygen, feed rate, temperature, raw material lot, inoculum, HPLC purity, and enzyme activity. Sustained low dissolved oxygen and aggressive feed were evaluated as possible yield drivers."
DOC-014,Deviation Investigation,Deviation Investigation B2026-0281,Closed,Quality/EnzymeProduction,"Investigation for B2026-0281. Review of dissolved oxygen, feed rate, temperature, raw material lot, inoculum, HPLC purity, and enzyme activity. Sustained low dissolved oxygen and aggressive feed were evaluated as possible yield drivers."
DOC-015,Deviation Investigation,Deviation Investigation B2026-0263,Closed,Quality/EnzymeProduction,"Investigation for B2026-0263. Review of dissolved oxygen, feed rate, temperature, raw material lot, inoculum, HPLC purity, and enzyme activity. Sustained low dissolved oxygen and aggressive feed were evaluated as possible yield drivers."
DOC-016,Technical Report,Process Development Report 1,Approved,Quality/EnzymeProduction,"Process development analysis of enzyme fermentation. Multivariate review included temperature, pH, dissolved oxygen, agitation, feed rate, inoculum age, substrate concentration, activity, purity, and yield."
DOC-017,Technical Report,Process Development Report 2,Approved,Quality/EnzymeProduction,"Process development analysis of enzyme fermentation. Multivariate review included temperature, pH, dissolved oxygen, agitation, feed rate, inoculum age, substrate concentration, activity, purity, and yield."
DOC-018,Technical Report,Process Development Report 3,Approved,Quality/EnzymeProduction,"Process development analysis of enzyme fermentation. Multivariate review included temperature, pH, dissolved oxygen, agitation, feed rate, inoculum age, substrate concentration, activity, purity, and yield."
DOC-019,Technical Report,Process Development Report 4,Approved,Quality/EnzymeProduction,"Process development analysis of enzyme fermentation. Multivariate review included temperature, pH, dissolved oxygen, agitation, feed rate, inoculum age, substrate concentration, activity, purity, and yield."
DOC-020,Technical Report,Process Development Report 5,Approved,Quality/EnzymeProduction,"Process development analysis of enzyme fermentation. Multivariate review included temperature, pH, dissolved oxygen, agitation, feed rate, inoculum age, substrate concentration, activity, purity, and yield."
DOC-021,Technical Report,Process Development Report 6,Approved,Quality/EnzymeProduction,"Process development analysis of enzyme fermentation. Multivariate review included temperature, pH, dissolved oxygen, agitation, feed rate, inoculum age, substrate concentration, activity, purity, and yield."
DOC-022,Technical Report,Process Development Report 7,Approved,Quality/EnzymeProduction,"Process development analysis of enzyme fermentation. Multivariate review included temperature, pH, dissolved oxygen, agitation, feed rate, inoculum age, substrate concentration, activity, purity, and yield."
DOC-023,Technical Report,Process Development Report 8,Approved,Quality/EnzymeProduction,"Process development analysis of enzyme fermentation. Multivariate review included temperature, pH, dissolved oxygen, agitation, feed rate, inoculum age, substrate concentration, activity, purity, and yield."
DOC-024,Technical Report,Process Development Report 9,Approved,Quality/EnzymeProduction,"Process development analysis of enzyme fermentation. Multivariate review included temperature, pH, dissolved oxygen, agitation, feed rate, inoculum age, substrate concentration, activity, purity, and yield."
