batch_id,product_id,organism,site,fermenter,start_date,raw_material_lot,supplier,planned_volume_L,production_status,estimated_batch_cost_usd,temperature_C_avg,pH_avg,dissolved_oxygen_pct_avg,agitation_rpm_avg,airflow_vvm_avg,feed_rate_L_hr_avg,fermentation_time_hr,inoculum_age_hr,substrate_concentration_g_L,yield_pct,deviation_flag,sample_id,enzyme_activity_U_mL,protein_concentration_mg_mL,purity_pct,hplc_main_peak_pct,qc_status,analytical_method,instrument_id,analyst,predicted_quality_risk,anomaly_flag
B2026-0001,ENZ-AN-001,Aspergillus niger,Cedar Rapids,F-04,2026-04-27,RM-3965,Supplier_B,4000,Quality Review,52482.0,29.59,5.66,20.58,369.5,1.3,2.91,71.9,28.1,40.1,81.31,1,S00001,806.6,12.1,93.02,94.72,Hold,HPLC-ENZ-204,HPLC-01,Analyst_A,1.0,0
B2026-0002,ENZ-AN-001,Aspergillus niger,Wilmington,F-02,2026-02-27,RM-1203,Supplier_A,4000,Quality Review,45855.0,29.97,5.67,17.86,574.5,1.16,3.83,69.0,19.9,37.1,88.57,1,S00002,886.8,12.01,94.46,93.89,Hold,HPLC-ENZ-204,HPLC-03,Analyst_A,0.902,0
B2026-0003,ENZ-AN-001,Aspergillus niger,Cedar Rapids,F-04,2026-02-20,RM-7558,Supplier_B,5000,Released,48663.0,30.2,5.4,32.88,395.2,1.14,2.79,75.1,24.1,48.5,83.54,0,S00003,814.5,11.25,94.63,94.84,Released,HPLC-ENZ-204,HPLC-02,Analyst_A,0.0,0
B2026-0004,ENZ-AN-001,Aspergillus niger,Rochester,F-04,2026-03-12,RM-5773,Supplier_B,4000,Released,44035.0,29.29,5.13,41.0,424.0,0.95,3.27,78.5,19.8,40.0,82.68,0,S00004,759.2,12.31,94.0,93.47,Released,HPLC-ENZ-204,HPLC-03,Analyst_C,0.02,0
B2026-0005,ENZ-AN-001,Aspergillus niger,Wilmington,F-03,2026-05-12,RM-5062,Supplier_C,4000,Released,53112.0,30.51,5.76,31.89,348.8,0.84,3.34,69.9,19.9,40.9,86.72,0,S00005,821.8,11.77,93.76,95.01,Released,HPLC-ENZ-204,HPLC-03,Analyst_C,0.012,0
B2026-0006,ENZ-AN-001,Aspergillus niger,Cedar Rapids,F-04,2026-02-23,RM-9053,Supplier_A,3000,Quality Review,54767.0,30.04,5.45,13.92,513.8,1.15,4.28,74.2,17.7,39.7,81.79,1,S00006,742.4,11.19,92.28,92.9,Hold,HPLC-ENZ-204,HPLC-02,Analyst_D,0.798,0
B2026-0007,ENZ-AN-001,Aspergillus niger,Cedar Rapids,F-03,2026-07-21,RM-3823,Supplier_A,5000,Released,54615.0,28.68,5.77,30.47,481.6,1.21,3.2,70.9,20.5,30.5,79.23,0,S00007,715.1,14.96,91.64,91.16,Released,HPLC-ENZ-204,HPLC-03,Analyst_A,0.0,0
B2026-0008,ENZ-AN-001,Aspergillus niger,Cedar Rapids,F-03,2026-04-16,RM-6151,Supplier_B,4000,Released,52080.0,28.63,5.24,30.7,436.3,0.97,2.06,73.6,21.3,35.2,68.23,0,S00008,686.2,13.11,91.21,91.57,Released,HPLC-ENZ-204,HPLC-01,Analyst_A,0.0,1
B2026-0009,ENZ-AN-001,Aspergillus niger,Wilmington,F-02,2026-07-09,RM-7703,Supplier_A,4000,Released,41983.0,29.99,5.53,48.77,345.9,1.19,3.68,79.0,16.9,47.8,88.42,0,S00009,809.4,13.24,94.33,94.51,Released,HPLC-ENZ-204,HPLC-03,Analyst_B,0.0,0
B2026-0010,ENZ-AN-001,Aspergillus niger,Rochester,F-04,2026-05-31,RM-6475,Supplier_A,3000,Quality Review,47970.0,29.85,5.85,20.34,431.6,1.21,3.02,74.3,19.5,29.3,86.68,1,S00010,857.8,13.65,94.07,93.71,Hold,HPLC-ENZ-204,HPLC-02,Analyst_C,0.994,0
B2026-0011,ENZ-AN-001,Aspergillus niger,Wilmington,F-03,2026-03-15,RM-2871,Supplier_A,5000,Released,49353.0,29.93,5.93,28.87,358.3,0.81,3.42,64.0,17.6,37.4,88.95,0,S00011,806.5,13.5,91.38,91.91,Released,HPLC-ENZ-204,HPLC-03,Analyst_A,0.022,0
B2026-0012,ENZ-AN-001,Aspergillus niger,Cedar Rapids,F-04,2026-02-20,RM-7133,Supplier_A,5000,Released,49379.0,29.98,5.95,45.65,500.4,1.04,3.35,74.0,29.2,39.6,83.21,0,S00012,823.8,11.96,92.38,92.65,Released,HPLC-ENZ-204,HPLC-01,Analyst_A,0.0,0
B2026-0013,ENZ-AN-001,Aspergillus niger,Rochester,F-02,2026-06-13,RM-7689,Supplier_A,4000,Released,52487.0,30.16,5.34,35.6,464.5,1.27,3.25,77.5,19.6,52.5,88.06,0,S00013,834.6,12.85,95.25,95.4,Released,HPLC-ENZ-204,HPLC-01,Analyst_B,0.0,0
B2026-0014,ENZ-AN-001,Aspergillus niger,Cedar Rapids,F-04,2026-03-14,RM-2101,Supplier_A,4000,Released,61266.0,30.66,6.1,36.51,425.2,1.27,3.83,71.0,26.2,46.6,88.79,0,S00014,926.8,12.15,93.97,93.95,Released,HPLC-ENZ-204,HPLC-03,Analyst_A,0.002,0
B2026-0015,ENZ-AN-001,Aspergillus niger,Wilmington,F-01,2026-02-24,RM-2488,Supplier_A,5000,Released,57279.0,29.22,5.52,32.92,286.0,0.99,2.56,76.5,19.2,38.7,85.06,0,S00015,842.7,13.07,91.81,92.11,Released,HPLC-ENZ-204,HPLC-02,Analyst_B,0.204,0
B2026-0016,ENZ-AN-001,Aspergillus niger,Wilmington,F-01,2026-07-24,RM-7073,Supplier_A,5000,Released,45581.0,29.18,6.02,34.64,365.9,1.23,3.12,68.9,21.0,49.8,85.42,0,S00016,887.1,12.94,96.37,96.53,Released,HPLC-ENZ-204,HPLC-01,Analyst_D,0.0,0
B2026-0017,ENZ-AN-001,Aspergillus niger,Rochester,F-03,2026-04-17,RM-2070,Supplier_A,4000,Released,56410.0,29.23,5.8,38.22,457.8,1.38,3.78,65.3,14.7,37.6,83.51,0,S00017,779.3,12.0,93.32,93.36,Released,HPLC-ENZ-204,HPLC-02,Analyst_C,0.0,0
B2026-0018,ENZ-AN-001,Aspergillus niger,Wilmington,F-03,2026-01-11,RM-8922,Supplier_B,4000,Released,56162.0,30.2,5.32,25.52,486.7,1.34,3.06,72.6,18.2,48.1,88.48,0,S00018,863.1,10.77,94.31,93.86,Released,HPLC-ENZ-204,HPLC-01,Analyst_B,0.012,0
B2026-0019,ENZ-AN-001,Aspergillus niger,Cedar Rapids,F-04,2026-04-19,RM-1985,Supplier_A,5000,Released,46761.0,30.87,5.69,39.02,481.0,1.18,2.52,64.1,20.8,33.8,79.3,0,S00019,729.2,12.69,93.41,94.6,Released,HPLC-ENZ-204,HPLC-02,Analyst_B,0.048,0
B2026-0020,ENZ-AN-001,Aspergillus niger,Rochester,F-02,2026-04-12,RM-9767,Supplier_C,5000,Quality Review,57518.0,29.7,5.93,21.02,332.4,1.12,3.77,70.9,26.3,48.4,83.25,1,S00020,792.2,12.23,92.88,92.15,Hold,HPLC-ENZ-204,HPLC-03,Analyst_D,0.98,0
B2026-0021,ENZ-AN-001,Aspergillus niger,Cedar Rapids,F-03,2026-07-10,RM-7042,Supplier_C,4000,Released,50958.0,28.25,6.01,34.63,436.6,1.09,4.02,77.8,20.9,39.6,73.49,0,S00021,706.3,10.04,91.48,91.78,Released,HPLC-ENZ-204,HPLC-03,Analyst_C,0.004,0
B2026-0022,ENZ-AN-001,Aspergillus niger,Wilmington,F-03,2026-06-06,RM-4987,Supplier_A,4000,Released,42835.0,28.81,5.75,33.43,475.9,1.28,3.38,63.4,25.5,35.8,80.01,0,S00022,747.5,13.16,95.55,95.32,Released,HPLC-ENZ-204,HPLC-02,Analyst_C,0.0,0
B2026-0023,ENZ-AN-001,Aspergillus niger,Cedar Rapids,F-04,2026-02-12,RM-3415,Supplier_A,4000,Released,54959.0,29.42,6.34,27.07,328.8,1.24,2.32,66.2,22.6,40.7,82.12,0,S00023,745.5,13.75,94.42,95.65,Released,HPLC-ENZ-204,HPLC-02,Analyst_D,0.0,0
B2026-0024,ENZ-AN-001,Aspergillus niger,Cedar Rapids,F-03,2026-02-03,RM-4100,Supplier_B,5000,Released,53410.0,29.61,6.15,31.82,419.6,1.31,3.79,67.4,26.5,43.7,83.06,0,S00024,745.5,15.79,94.29,93.66,Released,HPLC-ENZ-204,HPLC-03,Analyst_A,0.002,0
B2026-0025,ENZ-AN-001,Aspergillus niger,Cedar Rapids,F-02,2026-05-13,RM-7735,Supplier_C,4000,Released,50520.0,29.71,5.71,27.02,435.1,1.22,2.49,71.7,19.8,39.0,89.59,0,S00025,765.8,11.99,94.65,94.14,Released,HPLC-ENZ-204,HPLC-01,Analyst_A,0.0,0
B2026-0026,ENZ-AN-001,Aspergillus niger,Wilmington,F-04,2026-01-11,RM-7779,Supplier_B,3000,Quality Review,51757.0,30.03,6.06,23.43,403.5,1.35,3.57,70.4,29.6,45.3,84.75,1,S00026,777.6,11.8,92.27,91.59,Hold,HPLC-ENZ-204,HPLC-01,Analyst_B,0.998,0
B2026-0027,ENZ-AN-001,Aspergillus niger,Rochester,F-01,2026-03-12,RM-2877,Supplier_C,3000,Released,47326.0,29.78,6.48,29.17,318.1,1.22,2.91,78.3,18.1,38.5,83.04,0,S00027,837.1,11.06,94.84,95.06,Released,HPLC-ENZ-204,HPLC-01,Analyst_B,0.016,0
B2026-0028,ENZ-AN-001,Aspergillus niger,Wilmington,F-04,2026-01-31,RM-5885,Supplier_B,5000,Quality Review,55966.0,30.73,6.49,23.17,402.1,1.34,2.76,76.3,16.9,45.7,86.05,1,S00028,765.6,12.77,92.59,91.63,Hold,HPLC-ENZ-204,HPLC-03,Analyst_A,0.956,0
B2026-0029,ENZ-AN-001,Aspergillus niger,Wilmington,F-01,2026-01-05,RM-9935,Supplier_B,5000,Released,51718.0,29.53,5.37,34.58,402.0,1.36,3.16,74.2,15.2,44.7,81.71,0,S00029,734.7,12.76,93.51,93.18,Released,HPLC-ENZ-204,HPLC-02,Analyst_A,0.0,0
B2026-0030,ENZ-AN-001,Aspergillus niger,Rochester,F-02,2026-07-22,RM-3315,Supplier_A,5000,Quality Review,53082.0,29.4,5.48,22.8,411.9,1.06,3.3,72.7,29.3,41.6,81.89,1,S00030,878.5,11.45,91.22,89.71,Hold,HPLC-ENZ-204,HPLC-01,Analyst_D,0.978,0
B2026-0031,ENZ-AN-001,Aspergillus niger,Rochester,F-04,2026-01-20,RM-7239,Supplier_B,4000,Released,54321.0,30.34,6.32,37.7,389.0,0.87,3.05,73.8,23.3,39.4,77.27,0,S00031,725.4,12.27,90.28,90.45,Released,HPLC-ENZ-204,HPLC-01,Analyst_C,0.008,0
B2026-0032,ENZ-AN-001,Aspergillus niger,Cedar Rapids,F-03,2026-01-03,RM-2549,Supplier_A,5000,Quality Review,44495.0,28.93,5.43,22.55,395.6,1.48,3.72,68.1,18.7,42.9,83.8,1,S00032,830.6,9.93,93.76,93.41,Hold,HPLC-ENZ-204,HPLC-01,Analyst_C,0.956,0
B2026-0033,ENZ-AN-001,Aspergillus niger,Wilmington,F-04,2026-07-25,RM-8505,Supplier_B,5000,Released,46187.0,30.27,5.34,27.47,417.8,1.25,3.15,75.9,25.0,45.3,85.79,0,S00033,863.9,13.7,92.61,91.57,Released,HPLC-ENZ-204,HPLC-03,Analyst_A,0.002,0
B2026-0034,ENZ-AN-001,Aspergillus niger,Wilmington,F-03,2026-02-11,RM-2531,Supplier_C,4000,Released,37635.0,30.07,5.63,27.0,444.3,0.89,3.94,67.0,22.8,54.4,91.27,0,S00034,916.9,11.5,91.74,92.5,Released,HPLC-ENZ-204,HPLC-02,Analyst_B,0.016,0
B2026-0035,ENZ-AN-001,Aspergillus niger,Rochester,F-03,2026-06-29,RM-3678,Supplier_A,3000,Released,55671.0,29.9,5.95,42.6,403.3,1.07,3.55,75.8,27.9,47.6,81.6,0,S00035,726.7,12.45,93.81,92.89,Released,HPLC-ENZ-204,HPLC-01,Analyst_C,0.0,0
B2026-0036,ENZ-AN-001,Aspergillus niger,Wilmington,F-02,2026-01-07,RM-5132,Supplier_B,5000,Released,44121.0,31.11,5.76,34.64,397.5,1.34,3.02,77.3,13.8,47.9,83.27,0,S00036,800.7,10.65,95.87,96.43,Released,HPLC-ENZ-204,HPLC-01,Analyst_C,0.13,0
B2026-0037,ENZ-AN-001,Aspergillus niger,Wilmington,F-01,2026-02-03,RM-4335,Supplier_A,3000,Released,52862.0,29.56,5.57,30.31,425.1,1.15,2.92,72.9,18.9,60.5,86.67,0,S00037,770.5,11.74,95.33,94.84,Released,HPLC-ENZ-204,HPLC-02,Analyst_C,0.008,0
B2026-0038,ENZ-AN-001,Aspergillus niger,Rochester,F-01,2026-01-25,RM-2530,Supplier_B,4000,Quality Review,54411.0,31.44,5.56,35.99,314.3,1.11,2.49,71.2,18.1,45.1,79.89,1,S00038,889.1,12.14,92.68,93.8,Hold,HPLC-ENZ-204,HPLC-02,Analyst_C,0.878,0
B2026-0039,ENZ-AN-001,Aspergillus niger,Wilmington,F-02,2026-06-05,RM-6768,Supplier_A,4000,Quality Review,55915.0,29.84,5.55,15.14,446.2,1.45,3.56,73.8,12.1,44.9,78.86,1,S00039,697.4,12.49,92.9,93.42,Hold,HPLC-ENZ-204,HPLC-03,Analyst_B,0.994,0
B2026-0040,ENZ-AN-001,Aspergillus niger,Rochester,F-01,2026-05-17,RM-1177,Supplier_C,4000,Released,44174.0,29.11,5.49,31.65,420.0,1.01,3.2,59.1,24.2,46.2,85.4,0,S00040,784.2,13.12,94.61,93.9,Released,HPLC-ENZ-204,HPLC-01,Analyst_D,0.004,1
B2026-0041,ENZ-AN-001,Aspergillus niger,Wilmington,F-03,2026-04-15,RM-9850,Supplier_A,4000,Released,51576.0,30.05,6.6,47.98,422.2,1.06,2.1,73.4,18.9,35.9,86.5,0,S00041,794.9,14.37,95.0,94.35,Released,HPLC-ENZ-204,HPLC-01,Analyst_B,0.0,1
B2026-0042,ENZ-AN-001,Aspergillus niger,Cedar Rapids,F-04,2026-02-23,RM-1468,Supplier_C,5000,Released,62857.0,29.25,5.9,33.06,472.8,1.24,3.11,71.5,23.0,39.3,83.11,0,S00042,742.2,13.45,92.9,93.32,Released,HPLC-ENZ-204,HPLC-01,Analyst_A,0.0,0
B2026-0043,ENZ-AN-001,Aspergillus niger,Rochester,F-04,2026-01-20,RM-4004,Supplier_C,4000,Released,63143.0,29.47,6.11,32.54,312.6,1.27,2.9,71.8,29.4,39.0,84.49,0,S00043,883.5,13.75,93.49,93.31,Released,HPLC-ENZ-204,HPLC-02,Analyst_D,0.084,0
B2026-0044,ENZ-AN-001,Aspergillus niger,Wilmington,F-02,2026-05-06,RM-9368,Supplier_B,5000,Released,58418.0,30.28,5.63,36.39,311.4,1.29,4.27,75.2,18.6,45.9,80.74,0,S00044,896.1,14.38,93.44,93.32,Released,HPLC-ENZ-204,HPLC-03,Analyst_A,0.264,0
B2026-0045,ENZ-AN-001,Aspergillus niger,Cedar Rapids,F-04,2026-02-20,RM-2395,Supplier_B,4000,Released,54194.0,30.39,5.73,39.16,435.1,1.36,2.46,71.7,18.3,41.0,80.73,0,S00045,765.5,13.24,93.74,94.63,Released,HPLC-ENZ-204,HPLC-02,Analyst_B,0.0,0
B2026-0046,ENZ-AN-001,Aspergillus niger,Cedar Rapids,F-04,2026-05-10,RM-1656,Supplier_B,4000,Quality Review,45467.0,29.56,5.55,16.02,419.6,1.24,2.61,66.9,20.5,42.8,77.02,1,S00046,692.3,12.45,92.54,92.02,Hold,HPLC-ENZ-204,HPLC-01,Analyst_A,0.996,0
B2026-0047,ENZ-AN-001,Aspergillus niger,Wilmington,F-04,2026-06-01,RM-7694,Supplier_C,5000,Quality Review,56671.0,30.69,4.87,18.54,429.4,1.29,4.01,71.4,23.9,48.5,73.4,1,S00047,616.7,13.81,92.2,92.26,Failed,HPLC-ENZ-204,HPLC-02,Analyst_A,0.936,0
B2026-0048,ENZ-AN-001,Aspergillus niger,Wilmington,F-02,2026-07-06,RM-1658,Supplier_A,3000,Released,50973.0,30.81,5.32,33.68,394.6,1.15,4.15,72.3,17.7,47.2,85.5,0,S00048,821.3,13.89,95.21,95.87,Released,HPLC-ENZ-204,HPLC-02,Analyst_B,0.058,0
B2026-0049,ENZ-AN-001,Aspergillus niger,Rochester,F-02,2026-04-19,RM-9095,Supplier_B,4000,Quality Review,55643.0,31.01,5.17,26.28,456.5,1.21,2.99,72.5,17.5,41.0,81.92,1,S00049,784.0,13.34,94.64,95.21,Hold,HPLC-ENZ-204,HPLC-01,Analyst_A,0.708,0
B2026-0050,ENZ-AN-001,Aspergillus niger,Wilmington,F-04,2026-01-02,RM-5060,Supplier_A,5000,Released,47887.0,30.37,5.01,42.5,471.3,1.22,3.05,72.7,24.2,38.0,83.36,0,S00050,782.6,10.61,93.91,93.8,Released,HPLC-ENZ-204,HPLC-03,Analyst_B,0.02,0
B2026-0051,ENZ-AN-001,Aspergillus niger,Wilmington,F-01,2026-03-03,RM-8823,Supplier_B,3000,Released,50876.0,30.95,5.38,29.48,446.6,1.24,3.74,76.7,21.5,48.8,81.11,0,S00051,800.5,11.41,95.17,94.97,Released,HPLC-ENZ-204,HPLC-02,Analyst_D,0.07,0
B2026-0052,ENZ-AN-001,Aspergillus niger,Wilmington,F-02,2026-07-07,RM-3205,Supplier_A,3000,Released,53067.0,28.68,6.26,16.52,405.7,1.34,2.12,67.1,11.8,46.6,74.72,0,S00052,747.6,12.14,92.01,90.79,Released,HPLC-ENZ-204,HPLC-01,Analyst_A,0.972,1
B2026-0053,ENZ-AN-001,Aspergillus niger,Cedar Rapids,F-01,2026-04-28,RM-2270,Supplier_B,4000,Quality Review,53601.0,29.78,5.78,21.86,304.1,1.3,2.38,72.8,15.1,32.4,81.99,1,S00053,813.4,13.51,95.15,94.41,Hold,HPLC-ENZ-204,HPLC-02,Analyst_D,0.996,0
B2026-0054,ENZ-AN-001,Aspergillus niger,Rochester,F-04,2026-05-17,RM-9663,Supplier_B,5000,Quality Review,55209.0,29.39,6.25,10.0,462.3,1.21,3.25,77.8,26.0,40.1,73.54,1,S00054,704.4,12.47,93.01,93.23,Hold,HPLC-ENZ-204,HPLC-03,Analyst_B,0.992,1
B2026-0055,ENZ-AN-001,Aspergillus niger,Rochester,F-03,2026-04-11,RM-7858,Supplier_A,4000,Released,48235.0,30.08,5.94,30.13,487.2,1.05,4.25,64.2,21.6,43.0,83.0,0,S00055,758.9,13.98,97.23,97.13,Released,HPLC-ENZ-204,HPLC-03,Analyst_C,0.212,0
B2026-0056,ENZ-AN-001,Aspergillus niger,Cedar Rapids,F-01,2026-02-05,RM-9197,Supplier_B,4000,Released,43269.0,29.6,6.07,30.49,455.5,1.21,3.16,72.8,17.0,46.7,85.59,0,S00056,863.1,14.21,92.13,92.18,Released,HPLC-ENZ-204,HPLC-01,Analyst_B,0.0,0
B2026-0057,ENZ-AN-001,Aspergillus niger,Rochester,F-01,2026-07-17,RM-3878,Supplier_B,5000,Released,62561.0,29.88,5.48,28.6,371.6,1.19,3.46,69.4,19.3,47.5,84.55,0,S00057,823.8,14.06,92.63,93.36,Released,HPLC-ENZ-204,HPLC-03,Analyst_B,0.0,0
B2026-0058,ENZ-AN-001,Aspergillus niger,Rochester,F-03,2026-06-20,RM-4642,Supplier_B,4000,Quality Review,68180.0,31.32,5.98,40.63,457.1,1.23,4.02,70.3,20.1,43.7,82.98,1,S00058,848.3,14.07,93.8,92.97,Hold,HPLC-ENZ-204,HPLC-02,Analyst_A,0.86,0
B2026-0059,ENZ-AN-001,Aspergillus niger,Wilmington,F-03,2026-08-07,RM-6194,Supplier_A,4000,Quality Review,54908.0,29.88,6.06,41.59,467.3,1.6,4.56,67.9,22.9,45.5,85.29,1,S00059,865.8,11.15,94.01,93.84,Hold,HPLC-ENZ-204,HPLC-02,Analyst_C,0.958,0
B2026-0060,ENZ-AN-001,Aspergillus niger,Wilmington,F-04,2026-07-08,RM-5038,Supplier_B,4000,Released,43394.0,30.29,5.6,30.64,505.7,1.11,3.08,71.2,14.6,42.4,81.65,0,S00060,731.7,13.13,95.51,95.64,Released,HPLC-ENZ-204,HPLC-01,Analyst_D,0.0,0
B2026-0061,ENZ-AN-001,Aspergillus niger,Rochester,F-02,2026-03-06,RM-3183,Supplier_C,4000,Quality Review,46974.0,29.84,6.0,14.92,371.8,1.28,3.39,80.3,16.6,38.0,85.03,1,S00061,763.2,11.71,92.7,92.21,Hold,HPLC-ENZ-204,HPLC-03,Analyst_C,0.97,0
B2026-0062,ENZ-AN-001,Aspergillus niger,Rochester,F-04,2026-02-25,RM-4375,Supplier_A,4000,Quality Review,55309.0,30.05,6.0,36.94,407.5,1.39,4.4,66.3,21.1,40.4,88.45,1,S00062,826.3,10.36,94.93,95.93,Hold,HPLC-ENZ-204,HPLC-03,Analyst_C,0.946,0
B2026-0063,ENZ-AN-001,Aspergillus niger,Rochester,F-02,2026-02-24,RM-6478,Supplier_A,4000,Released,60717.0,30.0,5.61,36.44,461.1,1.22,2.56,66.7,19.6,42.1,89.53,0,S00063,823.0,12.13,95.35,95.98,Released,HPLC-ENZ-204,HPLC-01,Analyst_C,0.0,0
B2026-0064,ENZ-AN-001,Aspergillus niger,Cedar Rapids,F-04,2026-07-22,RM-1340,Supplier_A,3000,Released,44116.0,30.31,5.41,34.48,423.2,1.62,3.97,66.1,22.3,41.8,88.06,0,S00064,890.5,14.22,94.65,94.85,Released,HPLC-ENZ-204,HPLC-02,Analyst_B,0.012,0
B2026-0065,ENZ-AN-001,Aspergillus niger,Rochester,F-01,2026-05-03,RM-4023,Supplier_B,4000,Released,51192.0,30.82,5.39,39.85,358.5,1.13,2.84,79.8,15.1,30.7,76.74,0,S00065,764.8,13.1,91.52,92.78,Released,HPLC-ENZ-204,HPLC-03,Analyst_A,0.02,1
B2026-0066,ENZ-AN-001,Aspergillus niger,Rochester,F-01,2026-04-10,RM-3635,Supplier_A,4000,Quality Review,53274.0,31.15,5.83,22.68,442.8,1.26,3.46,69.9,21.4,39.6,83.19,1,S00066,859.8,15.12,95.01,93.96,Hold,HPLC-ENZ-204,HPLC-02,Analyst_C,0.996,0
B2026-0067,ENZ-AN-001,Aspergillus niger,Rochester,F-01,2026-08-02,RM-1632,Supplier_B,4000,Released,57620.0,30.22,5.91,48.07,451.8,1.06,3.27,71.9,24.4,42.3,84.63,0,S00067,841.8,12.73,94.94,94.93,Released,HPLC-ENZ-204,HPLC-01,Analyst_D,0.0,0
B2026-0068,ENZ-AN-001,Aspergillus niger,Wilmington,F-02,2026-05-13,RM-2103,Supplier_B,3000,Released,49767.0,30.41,5.52,24.32,424.8,1.14,2.87,70.2,21.9,40.3,79.24,0,S00068,782.2,15.68,93.64,93.9,Released,HPLC-ENZ-204,HPLC-03,Analyst_B,0.144,0
B2026-0069,ENZ-AN-001,Aspergillus niger,Wilmington,F-04,2026-07-20,RM-5460,Supplier_A,4000,Released,41835.0,29.19,5.81,37.99,432.1,1.24,2.86,67.8,20.6,40.5,85.23,0,S00069,883.7,12.73,93.77,93.13,Released,HPLC-ENZ-204,HPLC-01,Analyst_D,0.0,0
B2026-0070,ENZ-AN-001,Aspergillus niger,Wilmington,F-01,2026-08-05,RM-1921,Supplier_C,5000,Quality Review,56038.0,29.94,6.0,18.5,405.8,1.35,3.55,70.9,19.6,44.9,89.92,1,S00070,895.4,12.53,94.26,94.47,Hold,HPLC-ENZ-204,HPLC-02,Analyst_D,1.0,0
B2026-0071,ENZ-AN-001,Aspergillus niger,Wilmington,F-02,2026-01-18,RM-4103,Supplier_B,4000,Released,59311.0,30.66,6.02,24.56,501.3,1.26,3.95,83.1,16.7,35.5,80.46,0,S00071,787.4,10.84,92.95,92.18,Released,HPLC-ENZ-204,HPLC-02,Analyst_A,0.26,0
B2026-0072,ENZ-AN-001,Aspergillus niger,Wilmington,F-01,2026-03-21,RM-6047,Supplier_A,3000,Released,51463.0,30.61,6.34,44.13,370.5,1.43,3.33,78.3,19.7,32.2,81.69,0,S00072,862.6,13.94,93.94,94.42,Released,HPLC-ENZ-204,HPLC-03,Analyst_C,0.006,0
B2026-0073,ENZ-AN-001,Aspergillus niger,Cedar Rapids,F-04,2026-06-11,RM-8863,Supplier_A,4000,Released,54634.0,30.15,6.25,29.91,387.7,1.18,3.44,68.2,25.0,39.9,81.47,0,S00073,799.2,11.85,93.18,93.93,Released,HPLC-ENZ-204,HPLC-02,Analyst_C,0.0,0
B2026-0074,ENZ-AN-001,Aspergillus niger,Wilmington,F-03,2026-06-28,RM-1888,Supplier_A,5000,Released,48916.0,30.62,5.45,38.72,420.6,1.14,3.71,74.9,19.5,46.6,89.17,0,S00074,853.4,11.66,92.9,93.09,Released,HPLC-ENZ-204,HPLC-03,Analyst_B,0.002,0
B2026-0075,ENZ-AN-001,Aspergillus niger,Wilmington,F-04,2026-02-02,RM-4911,Supplier_A,4000,Released,46502.0,30.34,6.39,33.9,468.3,1.69,2.87,68.3,16.4,52.1,84.8,0,S00075,787.9,14.17,92.22,90.92,Released,HPLC-ENZ-204,HPLC-03,Analyst_C,0.014,1
B2026-0076,ENZ-AN-001,Aspergillus niger,Wilmington,F-03,2026-03-12,RM-1926,Supplier_A,5000,Released,58672.0,30.84,5.61,31.16,337.6,1.27,3.81,64.0,18.0,46.7,81.1,0,S00076,822.1,14.01,92.21,91.53,Released,HPLC-ENZ-204,HPLC-03,Analyst_D,0.01,0
B2026-0077,ENZ-AN-001,Aspergillus niger,Wilmington,F-03,2026-05-01,RM-4856,Supplier_C,4000,Released,54519.0,30.2,6.17,42.91,347.9,1.07,3.85,76.6,20.8,33.2,83.35,0,S00077,867.5,13.97,93.6,94.0,Released,HPLC-ENZ-204,HPLC-03,Analyst_C,0.002,0
B2026-0078,ENZ-AN-001,Aspergillus niger,Rochester,F-04,2026-06-25,RM-5324,Supplier_A,3000,Quality Review,55187.0,29.75,5.82,30.11,307.9,1.08,4.83,77.2,18.5,40.6,81.4,1,S00078,791.0,12.03,93.11,93.12,Hold,HPLC-ENZ-204,HPLC-03,Analyst_D,0.948,0
B2026-0079,ENZ-AN-001,Aspergillus niger,Rochester,F-01,2026-01-25,RM-8192,Supplier_A,5000,Quality Review,61764.0,30.24,5.66,17.75,421.8,1.03,3.19,76.7,21.9,43.5,89.58,1,S00079,929.8,12.43,94.22,92.33,Hold,HPLC-ENZ-204,HPLC-03,Analyst_D,1.0,0
B2026-0080,ENZ-AN-001,Aspergillus niger,Cedar Rapids,F-04,2026-05-13,RM-4980,Supplier_B,4000,Released,45144.0,27.95,5.17,25.57,358.5,1.37,3.15,69.9,22.1,43.1,72.33,0,S00080,618.5,12.42,92.83,93.7,Released,HPLC-ENZ-204,HPLC-03,Analyst_D,0.016,0
B2026-0081,ENZ-AN-001,Aspergillus niger,Rochester,F-03,2026-03-07,RM-9418,Supplier_B,3000,Released,48412.0,30.27,5.74,36.41,398.8,1.13,3.82,71.2,23.6,45.2,86.24,0,S00081,836.8,13.52,92.87,92.97,Released,HPLC-ENZ-204,HPLC-02,Analyst_D,0.0,0
B2026-0082,ENZ-AN-001,Aspergillus niger,Wilmington,F-03,2026-02-17,RM-2238,Supplier_C,5000,Released,53027.0,27.5,5.25,35.16,456.4,1.22,3.85,75.4,25.7,36.5,72.07,0,S00082,702.8,14.52,93.97,93.39,Released,HPLC-ENZ-204,HPLC-01,Analyst_A,0.004,1
B2026-0083,ENZ-AN-001,Aspergillus niger,Cedar Rapids,F-02,2026-04-24,RM-1478,Supplier_B,3000,Quality Review,48332.0,28.79,6.14,19.46,384.7,1.19,3.11,73.8,24.0,42.4,79.77,1,S00083,745.1,12.98,92.66,93.35,Hold,HPLC-ENZ-204,HPLC-01,Analyst_A,1.0,0
B2026-0084,ENZ-AN-001,Aspergillus niger,Wilmington,F-04,2026-04-02,RM-1040,Supplier_A,4000,Released,57090.0,30.32,6.33,26.21,432.7,1.33,3.18,70.2,16.3,44.5,87.47,0,S00084,958.2,15.07,93.23,92.75,Released,HPLC-ENZ-204,HPLC-03,Analyst_A,0.034,0
B2026-0085,ENZ-AN-001,Aspergillus niger,Wilmington,F-02,2026-05-20,RM-4210,Supplier_A,4000,Released,50782.0,30.33,5.52,27.35,403.5,1.05,3.7,64.7,16.4,47.0,88.15,0,S00085,854.5,13.67,94.39,93.91,Released,HPLC-ENZ-204,HPLC-01,Analyst_A,0.0,0
B2026-0086,ENZ-AN-001,Aspergillus niger,Wilmington,F-01,2026-03-11,RM-2736,Supplier_C,4000,Released,45549.0,29.19,5.91,29.08,457.0,1.01,2.94,72.5,19.7,37.2,86.91,0,S00086,827.3,12.19,91.49,91.74,Released,HPLC-ENZ-204,HPLC-03,Analyst_C,0.0,0
B2026-0087,ENZ-AN-001,Aspergillus niger,Rochester,F-04,2026-07-01,RM-1824,Supplier_B,5000,Quality Review,52428.0,29.5,5.55,20.99,446.1,1.24,3.17,76.9,18.2,39.9,82.88,1,S00087,808.5,13.58,92.34,93.59,Hold,HPLC-ENZ-204,HPLC-03,Analyst_C,0.996,0
B2026-0088,ENZ-AN-001,Aspergillus niger,Rochester,F-01,2026-01-18,RM-3122,Supplier_C,3000,Released,53107.0,30.96,5.58,26.97,381.9,1.31,3.45,66.6,15.4,25.8,82.02,0,S00088,709.1,14.72,94.38,95.52,Released,HPLC-ENZ-204,HPLC-02,Analyst_B,0.084,0
B2026-0089,ENZ-AN-001,Aspergillus niger,Wilmington,F-01,2026-07-09,RM-9773,Supplier_A,5000,Released,58075.0,29.66,6.07,26.17,410.7,1.26,3.95,74.9,18.2,38.3,86.46,0,S00089,807.2,15.1,91.56,91.81,Released,HPLC-ENZ-204,HPLC-03,Analyst_A,0.016,0
B2026-0090,ENZ-AN-001,Aspergillus niger,Rochester,F-03,2026-01-07,RM-8201,Supplier_C,4000,Quality Review,54555.0,31.57,5.79,38.17,477.4,1.05,3.07,73.5,18.1,38.9,84.45,1,S00090,866.6,14.04,94.79,95.11,Hold,HPLC-ENZ-204,HPLC-01,Analyst_C,0.97,0
B2026-0091,ENZ-AN-001,Aspergillus niger,Wilmington,F-01,2026-06-11,RM-1167,Supplier_B,5000,Released,54997.0,30.0,6.41,38.47,441.6,1.32,2.39,75.4,17.3,35.9,80.67,0,S00091,758.1,12.53,94.88,95.43,Released,HPLC-ENZ-204,HPLC-02,Analyst_B,0.0,0
B2026-0092,ENZ-AN-001,Aspergillus niger,Rochester,F-04,2026-03-18,RM-9238,Supplier_A,5000,Released,54082.0,30.29,5.63,30.83,343.2,1.07,2.35,75.9,18.7,43.0,86.16,0,S00092,801.3,12.22,93.17,92.29,Released,HPLC-ENZ-204,HPLC-03,Analyst_D,0.0,0
B2026-0093,ENZ-AN-001,Aspergillus niger,Wilmington,F-02,2026-03-26,RM-2847,Supplier_B,5000,Released,50777.0,31.13,6.15,28.86,456.1,1.11,2.71,68.9,24.7,41.7,78.54,0,S00093,825.1,13.25,93.2,93.66,Released,HPLC-ENZ-204,HPLC-03,Analyst_A,0.164,0
B2026-0094,ENZ-AN-001,Aspergillus niger,Wilmington,F-01,2026-01-05,RM-4653,Supplier_B,4000,Released,47345.0,30.09,5.83,33.12,360.3,1.03,2.68,64.7,20.8,28.4,85.64,0,S00094,893.9,14.68,94.91,94.39,Released,HPLC-ENZ-204,HPLC-01,Analyst_B,0.0,0
B2026-0095,ENZ-AN-001,Aspergillus niger,Wilmington,F-04,2026-06-04,RM-3948,Supplier_A,4000,Released,53877.0,29.3,6.08,25.47,497.7,1.43,3.31,69.6,29.9,43.3,83.51,0,S00095,836.7,13.06,92.79,93.01,Released,HPLC-ENZ-204,HPLC-03,Analyst_A,0.006,0
B2026-0096,ENZ-AN-001,Aspergillus niger,Rochester,F-03,2026-02-06,RM-4644,Supplier_A,4000,Quality Review,49835.0,29.92,5.64,22.83,476.3,1.31,2.75,76.0,20.7,36.4,86.58,1,S00096,822.0,13.09,94.7,94.54,Hold,HPLC-ENZ-204,HPLC-02,Analyst_B,0.998,0
B2026-0097,ENZ-AN-001,Aspergillus niger,Wilmington,F-02,2026-05-26,RM-7845,Supplier_C,4000,Released,62984.0,29.98,5.78,24.48,435.9,1.31,3.01,69.6,18.8,44.9,87.39,0,S00097,839.5,12.57,92.93,93.28,Released,HPLC-ENZ-204,HPLC-03,Analyst_D,0.16,0
B2026-0098,ENZ-AN-001,Aspergillus niger,Wilmington,F-03,2026-06-09,RM-7411,Supplier_A,4000,Released,60724.0,29.04,5.76,26.92,428.6,1.42,2.97,68.9,20.0,34.3,79.47,0,S00098,738.8,12.07,92.37,92.46,Released,HPLC-ENZ-204,HPLC-02,Analyst_B,0.004,0
B2026-0099,ENZ-AN-001,Aspergillus niger,Wilmington,F-03,2026-07-05,RM-6345,Supplier_A,5000,Quality Review,56113.0,29.82,5.51,22.69,408.5,1.71,3.16,63.8,21.0,42.2,86.13,1,S00099,793.5,12.29,92.65,90.5,Hold,HPLC-ENZ-204,HPLC-02,Analyst_B,0.998,0
B2026-0100,ENZ-AN-001,Aspergillus niger,Cedar Rapids,F-01,2026-06-05,RM-6641,Supplier_A,3000,Released,54460.0,29.48,6.03,33.3,457.3,0.89,4.13,79.9,21.7,40.3,81.04,0,S00100,742.9,12.68,93.52,93.64,Released,HPLC-ENZ-204,HPLC-01,Analyst_B,0.022,0
B2026-0101,ENZ-AN-001,Aspergillus niger,Cedar Rapids,F-04,2026-03-08,RM-7547,Supplier_A,5000,Released,51428.0,30.65,6.03,37.84,399.6,1.07,3.76,75.7,28.3,43.8,78.1,0,S00101,734.1,14.73,94.2,94.65,Released,HPLC-ENZ-204,HPLC-02,Analyst_B,0.002,0
B2026-0102,ENZ-AN-001,Aspergillus niger,Rochester,F-02,2026-06-12,RM-2657,Supplier_C,4000,Quality Review,43803.0,30.02,6.01,19.3,433.0,1.09,3.41,75.5,16.6,42.7,84.94,1,S00102,780.4,12.19,93.27,93.59,Hold,HPLC-ENZ-204,HPLC-03,Analyst_C,1.0,0
B2026-0103,ENZ-AN-001,Aspergillus niger,Wilmington,F-03,2026-07-01,RM-4560,Supplier_B,5000,Released,50595.0,29.8,6.34,32.2,468.0,1.05,3.15,76.4,23.4,40.5,83.73,0,S00103,745.1,12.57,91.85,91.78,Released,HPLC-ENZ-204,HPLC-03,Analyst_D,0.0,0
B2026-0104,ENZ-AN-001,Aspergillus niger,Cedar Rapids,F-04,2026-03-11,RM-1969,Supplier_A,3000,Released,52659.0,29.93,6.31,30.24,389.1,1.01,3.16,74.6,20.8,32.8,87.88,0,S00104,864.7,11.38,92.49,93.64,Released,HPLC-ENZ-204,HPLC-01,Analyst_C,0.0,0
B2026-0105,ENZ-AN-001,Aspergillus niger,Cedar Rapids,F-03,2026-01-28,RM-7336,Supplier_C,3000,Released,53491.0,30.16,5.67,34.73,386.1,1.15,3.58,70.9,13.7,33.1,85.0,0,S00105,838.1,13.43,93.97,94.19,Released,HPLC-ENZ-204,HPLC-01,Analyst_C,0.042,0
B2026-0106,ENZ-AN-001,Aspergillus niger,Rochester,F-03,2026-07-15,RM-4938,Supplier_C,5000,Released,55052.0,30.43,5.93,31.9,354.3,0.98,3.72,71.3,23.1,38.5,78.24,0,S00106,839.8,14.28,95.04,95.34,Released,HPLC-ENZ-204,HPLC-03,Analyst_B,0.0,0
B2026-0107,ENZ-AN-001,Aspergillus niger,Wilmington,F-02,2026-02-02,RM-6734,Supplier_A,5000,Quality Review,57989.0,29.3,5.58,20.37,361.5,1.26,2.9,70.1,25.1,42.0,79.52,1,S00107,745.4,14.61,93.42,94.16,Hold,HPLC-ENZ-204,HPLC-02,Analyst_A,1.0,0
B2026-0108,ENZ-AN-001,Aspergillus niger,Wilmington,F-01,2026-05-11,RM-6082,Supplier_C,5000,Quality Review,47501.0,29.27,5.81,21.9,319.4,1.21,3.42,83.9,16.6,38.4,88.6,1,S00108,875.0,12.76,93.4,93.65,Hold,HPLC-ENZ-204,HPLC-03,Analyst_C,0.722,0
B2026-0109,ENZ-AN-001,Aspergillus niger,Wilmington,F-02,2026-02-21,RM-3462,Supplier_A,5000,Released,47560.0,30.77,5.59,32.24,460.1,1.29,2.28,74.5,20.0,45.8,81.22,0,S00109,805.7,13.25,94.04,93.41,Released,HPLC-ENZ-204,HPLC-01,Analyst_D,0.018,0
B2026-0110,ENZ-AN-001,Aspergillus niger,Cedar Rapids,F-04,2026-01-28,RM-2248,Supplier_C,4000,Released,61431.0,29.71,6.37,40.23,519.5,1.29,3.52,69.9,13.1,40.3,84.7,0,S00110,813.2,12.3,93.18,91.48,Released,HPLC-ENZ-204,HPLC-02,Analyst_C,0.048,0
B2026-0111,ENZ-AN-001,Aspergillus niger,Rochester,F-03,2026-06-20,RM-9755,Supplier_B,5000,Quality Review,57011.0,29.01,5.93,14.29,498.4,1.31,3.82,74.1,15.0,36.2,72.39,1,S00111,741.2,13.19,91.79,91.45,Hold,HPLC-ENZ-204,HPLC-01,Analyst_A,0.974,1
B2026-0112,ENZ-AN-001,Aspergillus niger,Wilmington,F-02,2026-02-01,RM-3639,Supplier_B,4000,Released,49460.0,30.31,5.72,34.77,330.6,1.13,3.25,67.5,24.2,40.3,84.37,0,S00112,856.4,12.91,92.29,92.82,Released,HPLC-ENZ-204,HPLC-03,Analyst_C,0.0,0
B2026-0113,ENZ-AN-001,Aspergillus niger,Wilmington,F-04,2026-05-28,RM-1985,Supplier_A,4000,Quality Review,51303.0,30.32,6.22,41.52,459.9,1.58,4.4,78.8,18.1,43.4,83.42,1,S00113,827.2,12.58,95.03,94.78,Hold,HPLC-ENZ-204,HPLC-03,Analyst_D,0.952,0
B2026-0114,ENZ-AN-001,Aspergillus niger,Rochester,F-04,2026-06-02,RM-3753,Supplier_C,4000,Released,51332.0,28.93,5.04,30.78,498.2,1.24,2.92,69.0,15.6,43.9,80.93,0,S00114,777.3,12.68,90.05,90.61,Released,HPLC-ENZ-204,HPLC-01,Analyst_A,0.018,0
B2026-0115,ENZ-AN-001,Aspergillus niger,Wilmington,F-04,2026-01-14,RM-9120,Supplier_A,3000,Released,52205.0,30.16,5.1,36.4,394.9,0.86,3.52,74.3,20.9,53.3,86.93,0,S00115,829.8,13.09,94.65,94.75,Released,HPLC-ENZ-204,HPLC-01,Analyst_A,0.02,1
B2026-0116,ENZ-AN-001,Aspergillus niger,Cedar Rapids,F-02,2026-02-08,RM-3351,Supplier_A,4000,Released,55072.0,30.51,6.08,26.38,425.6,1.02,3.38,76.8,17.9,38.0,83.39,0,S00116,750.7,12.12,92.78,93.68,Released,HPLC-ENZ-204,HPLC-03,Analyst_C,0.01,0
B2026-0117,ENZ-AN-001,Aspergillus niger,Cedar Rapids,F-03,2026-06-24,RM-9880,Supplier_A,5000,Quality Review,68477.0,30.26,5.82,31.05,309.6,0.89,3.34,73.7,18.1,41.6,83.73,1,S00117,779.2,12.18,92.88,92.67,Hold,HPLC-ENZ-204,HPLC-01,Analyst_B,0.7,0
B2026-0118,ENZ-AN-001,Aspergillus niger,Rochester,F-03,2026-04-22,RM-5146,Supplier_B,3000,Quality Review,53233.0,30.44,5.89,19.03,434.7,1.2,3.34,72.4,23.0,44.6,81.23,1,S00118,763.7,14.72,95.15,95.48,Hold,HPLC-ENZ-204,HPLC-03,Analyst_C,1.0,0
B2026-0119,ENZ-AN-001,Aspergillus niger,Wilmington,F-02,2026-01-27,RM-8755,Supplier_A,5000,Quality Review,56307.0,29.02,5.34,13.25,361.5,1.18,3.46,72.0,15.4,41.9,76.01,1,S00119,691.5,16.02,91.74,92.1,Hold,HPLC-ENZ-204,HPLC-03,Analyst_C,0.96,0
B2026-0120,ENZ-AN-001,Aspergillus niger,Rochester,F-02,2026-08-07,RM-6876,Supplier_C,4000,Released,41038.0,30.23,5.79,39.54,431.0,1.12,3.87,71.7,16.4,39.0,86.74,0,S00120,863.9,10.93,92.86,93.91,Released,HPLC-ENZ-204,HPLC-01,Analyst_B,0.0,0
B2026-0121,ENZ-AN-001,Aspergillus niger,Rochester,F-01,2026-02-28,RM-1395,Supplier_B,3000,Quality Review,48848.0,29.79,6.5,24.12,334.1,1.56,4.16,69.4,20.6,32.7,88.49,1,S00121,914.5,10.86,93.69,92.5,Hold,HPLC-ENZ-204,HPLC-01,Analyst_A,0.442,1
B2026-0122,ENZ-AN-001,Aspergillus niger,Rochester,F-02,2026-01-01,RM-5583,Supplier_A,4000,Released,59987.0,29.66,6.09,28.36,449.9,1.3,3.4,70.0,23.9,38.9,89.97,0,S00122,833.8,11.26,94.49,94.17,Released,HPLC-ENZ-204,HPLC-03,Analyst_C,0.0,0
B2026-0123,ENZ-AN-001,Aspergillus niger,Wilmington,F-03,2026-07-23,RM-4751,Supplier_A,3000,Quality Review,54615.0,30.61,5.86,20.91,476.3,1.33,3.85,78.7,25.0,35.6,84.37,1,S00123,834.2,12.37,92.91,93.5,Hold,HPLC-ENZ-204,HPLC-01,Analyst_B,0.996,0
B2026-0124,ENZ-AN-001,Aspergillus niger,Wilmington,F-04,2026-01-04,RM-2812,Supplier_A,3000,Quality Review,23471.0,31.04,5.65,20.72,376.9,1.03,3.01,71.5,17.3,31.6,82.25,1,S00124,754.8,13.66,91.34,92.42,Hold,HPLC-ENZ-204,HPLC-02,Analyst_D,0.998,0
B2026-0125,ENZ-AN-001,Aspergillus niger,Wilmington,F-04,2026-05-02,RM-5949,Supplier_B,4000,Quality Review,56381.0,31.26,5.66,30.61,357.5,1.02,3.82,68.5,23.7,37.2,73.49,1,S00125,704.5,13.27,91.31,91.48,Hold,HPLC-ENZ-204,HPLC-01,Analyst_B,0.844,0
B2026-0126,ENZ-AN-001,Aspergillus niger,Rochester,F-01,2026-08-07,RM-1926,Supplier_C,3000,Quality Review,64468.0,30.92,5.05,26.16,301.4,1.21,2.98,69.7,16.9,35.7,76.94,1,S00126,719.8,12.72,94.23,94.03,Hold,HPLC-ENZ-204,HPLC-02,Analyst_A,0.818,0
B2026-0127,ENZ-AN-001,Aspergillus niger,Wilmington,F-03,2026-05-08,RM-7283,Supplier_A,3000,Released,39027.0,29.92,5.89,35.02,405.3,1.23,4.0,77.0,27.3,45.5,89.53,0,S00127,897.6,13.19,94.04,94.57,Released,HPLC-ENZ-204,HPLC-02,Analyst_D,0.0,0
B2026-0128,ENZ-AN-001,Aspergillus niger,Wilmington,F-01,2026-05-09,RM-8396,Supplier_C,5000,Quality Review,61876.0,30.25,6.1,35.62,388.0,0.87,4.62,75.0,15.5,45.6,82.0,1,S00128,768.4,11.6,93.74,94.35,Hold,HPLC-ENZ-204,HPLC-03,Analyst_C,0.946,0
B2026-0129,ENZ-AN-001,Aspergillus niger,Wilmington,F-03,2026-03-27,RM-1832,Supplier_A,3000,Released,33982.0,30.54,5.25,34.57,334.7,1.17,3.33,74.5,25.3,36.6,81.99,0,S00129,844.4,12.18,92.89,92.63,Released,HPLC-ENZ-204,HPLC-03,Analyst_C,0.0,0
B2026-0130,ENZ-AN-001,Aspergillus niger,Rochester,F-02,2026-01-28,RM-5313,Supplier_C,5000,Released,58097.0,30.08,5.57,33.91,444.9,1.2,2.19,70.8,17.4,40.4,84.29,0,S00130,809.7,12.47,92.64,92.87,Released,HPLC-ENZ-204,HPLC-02,Analyst_D,0.0,0
B2026-0131,ENZ-AN-001,Aspergillus niger,Wilmington,F-02,2026-05-06,RM-6895,Supplier_C,5000,Released,51944.0,30.09,5.39,44.62,395.3,1.16,3.1,74.6,28.1,30.9,81.58,0,S00131,765.7,10.44,95.17,96.0,Released,HPLC-ENZ-204,HPLC-02,Analyst_D,0.002,0
B2026-0132,ENZ-AN-001,Aspergillus niger,Cedar Rapids,F-03,2026-07-17,RM-1559,Supplier_B,3000,Quality Review,36725.0,30.58,5.46,23.46,360.8,1.05,4.08,69.1,22.4,39.0,74.89,1,S00132,675.0,10.99,92.26,93.59,Hold,HPLC-ENZ-204,HPLC-02,Analyst_D,0.934,0
B2026-0133,ENZ-AN-001,Aspergillus niger,Rochester,F-02,2026-01-21,RM-4503,Supplier_B,4000,Released,54900.0,29.96,5.82,31.56,389.5,1.1,3.7,70.8,15.9,44.4,84.43,0,S00133,833.4,11.04,92.91,93.43,Released,HPLC-ENZ-204,HPLC-03,Analyst_D,0.0,0
B2026-0134,ENZ-AN-001,Aspergillus niger,Wilmington,F-04,2026-07-13,RM-3322,Supplier_C,3000,Released,59480.0,29.49,5.07,41.06,478.9,1.17,3.54,76.4,17.9,46.9,80.78,0,S00134,827.7,13.49,94.39,94.42,Released,HPLC-ENZ-204,HPLC-01,Analyst_B,0.02,0
B2026-0135,ENZ-AN-001,Aspergillus niger,Rochester,F-03,2026-04-02,RM-1353,Supplier_A,4000,Released,54365.0,29.71,6.01,42.12,453.2,1.22,3.95,75.9,23.1,37.7,82.61,0,S00135,817.0,12.82,92.39,92.36,Released,HPLC-ENZ-204,HPLC-01,Analyst_A,0.0,0
B2026-0136,ENZ-AN-001,Aspergillus niger,Wilmington,F-04,2026-04-28,RM-8235,Supplier_A,3000,Quality Review,55801.0,30.44,6.06,20.63,412.8,1.31,3.67,67.6,24.2,48.3,82.14,1,S00136,901.1,13.29,92.5,92.89,Hold,HPLC-ENZ-204,HPLC-02,Analyst_C,0.972,0
B2026-0137,ENZ-AN-001,Aspergillus niger,Cedar Rapids,F-03,2026-02-06,RM-5001,Supplier_A,5000,Released,49324.0,30.0,5.71,29.5,454.1,1.39,4.07,68.2,19.7,32.9,87.23,0,S00137,913.0,10.11,93.74,93.65,Released,HPLC-ENZ-204,HPLC-03,Analyst_D,0.004,0
B2026-0138,ENZ-AN-001,Aspergillus niger,Rochester,F-02,2026-05-17,RM-7764,Supplier_B,4000,Released,39901.0,30.24,4.93,42.86,356.1,1.15,3.91,72.5,20.2,34.5,80.26,0,S00138,768.6,10.57,93.03,93.16,Released,HPLC-ENZ-204,HPLC-03,Analyst_D,0.026,0
B2026-0139,ENZ-AN-001,Aspergillus niger,Cedar Rapids,F-04,2026-02-10,RM-6283,Supplier_B,4000,Released,56497.0,30.47,5.45,36.06,421.8,1.12,4.24,79.8,23.0,46.3,78.93,0,S00139,755.5,13.36,93.2,92.46,Released,HPLC-ENZ-204,HPLC-01,Analyst_C,0.108,0
B2026-0140,ENZ-AN-001,Aspergillus niger,Wilmington,F-02,2026-03-02,RM-8881,Supplier_B,3000,Released,63373.0,29.74,6.23,33.56,428.1,1.28,3.6,63.4,20.5,52.0,84.01,0,S00140,839.2,8.89,95.91,96.82,Released,HPLC-ENZ-204,HPLC-01,Analyst_C,0.002,0
B2026-0141,ENZ-AN-001,Aspergillus niger,Rochester,F-03,2026-06-08,RM-9972,Supplier_C,4000,Released,59342.0,30.53,4.83,30.26,394.2,1.31,3.9,73.3,14.8,45.0,79.25,0,S00141,735.2,14.09,93.33,92.53,Released,HPLC-ENZ-204,HPLC-02,Analyst_C,0.014,0
B2026-0142,ENZ-AN-001,Aspergillus niger,Rochester,F-01,2026-01-12,RM-6418,Supplier_A,4000,Released,39079.0,30.27,5.68,28.93,444.0,1.12,3.23,65.8,16.7,41.8,87.01,0,S00142,899.1,10.13,90.85,90.54,Released,HPLC-ENZ-204,HPLC-02,Analyst_A,0.0,0
B2026-0143,ENZ-AN-001,Aspergillus niger,Cedar Rapids,F-01,2026-04-09,RM-4169,Supplier_B,4000,Released,42153.0,29.14,5.39,34.31,377.1,1.34,3.07,69.1,20.9,28.8,80.61,0,S00143,802.0,13.6,93.45,93.52,Released,HPLC-ENZ-204,HPLC-02,Analyst_A,0.0,0
B2026-0144,ENZ-AN-001,Aspergillus niger,Rochester,F-03,2026-05-11,RM-4805,Supplier_A,5000,Quality Review,46501.0,31.01,6.08,29.98,448.0,1.38,4.34,70.4,24.9,29.9,81.49,1,S00144,805.7,11.34,93.19,94.59,Hold,HPLC-ENZ-204,HPLC-01,Analyst_A,0.902,0
B2026-0145,ENZ-AN-001,Aspergillus niger,Rochester,F-01,2026-01-30,RM-8427,Supplier_A,3000,Released,41646.0,29.65,5.56,31.66,450.4,1.43,3.52,70.1,26.5,42.8,86.15,0,S00145,869.3,13.86,93.67,93.37,Released,HPLC-ENZ-204,HPLC-03,Analyst_D,0.002,0
B2026-0146,ENZ-AN-001,Aspergillus niger,Wilmington,F-04,2026-03-06,RM-4839,Supplier_B,3000,Released,52287.0,28.84,5.94,32.63,259.6,1.52,3.84,69.6,23.1,39.9,80.04,0,S00146,857.9,16.67,93.3,92.83,Released,HPLC-ENZ-204,HPLC-03,Analyst_D,0.294,0
B2026-0147,ENZ-AN-001,Aspergillus niger,Wilmington,F-04,2026-03-17,RM-5677,Supplier_C,4000,Released,54557.0,29.27,6.0,26.58,485.5,1.04,3.47,72.0,21.1,35.4,82.48,0,S00147,811.2,9.54,93.21,92.83,Released,HPLC-ENZ-204,HPLC-03,Analyst_B,0.006,0
B2026-0148,ENZ-AN-001,Aspergillus niger,Rochester,F-03,2026-05-26,RM-2745,Supplier_B,4000,Released,42703.0,29.29,6.44,36.26,252.4,1.2,3.08,69.6,23.0,42.4,76.62,0,S00148,742.8,13.4,92.6,93.76,Released,HPLC-ENZ-204,HPLC-02,Analyst_B,0.178,0
B2026-0149,ENZ-AN-001,Aspergillus niger,Wilmington,F-03,2026-08-03,RM-9909,Supplier_A,5000,Released,57051.0,30.04,5.73,55.31,386.1,1.2,3.41,65.4,17.3,42.7,90.37,0,S00149,946.5,10.15,94.77,92.8,Released,HPLC-ENZ-204,HPLC-01,Analyst_B,0.0,0
B2026-0150,ENZ-AN-001,Aspergillus niger,Wilmington,F-03,2026-07-03,RM-6856,Supplier_B,5000,Quality Review,55907.0,29.81,5.93,17.78,476.4,1.18,4.19,75.5,19.4,47.7,81.47,1,S00150,837.5,13.05,92.5,91.79,Hold,HPLC-ENZ-204,HPLC-02,Analyst_A,0.992,0
B2026-0151,ENZ-AN-001,Aspergillus niger,Cedar Rapids,F-01,2026-02-11,RM-3971,Supplier_A,5000,Released,48437.0,29.76,5.28,34.59,402.5,1.08,3.71,75.4,16.7,42.8,86.87,0,S00151,830.8,12.23,92.55,94.46,Released,HPLC-ENZ-204,HPLC-01,Analyst_B,0.0,0
B2026-0152,ENZ-AN-001,Aspergillus niger,Cedar Rapids,F-02,2026-01-04,RM-6265,Supplier_C,3000,Released,50879.0,30.43,6.22,25.92,339.4,0.93,2.46,75.8,15.0,49.4,81.77,0,S00152,797.1,12.67,96.81,97.22,Released,HPLC-ENZ-204,HPLC-01,Analyst_B,0.016,0
B2026-0153,ENZ-AN-001,Aspergillus niger,Wilmington,F-02,2026-01-12,RM-4609,Supplier_B,4000,Released,39326.0,30.24,5.53,36.62,359.8,1.22,3.28,65.1,21.3,42.0,84.47,0,S00153,831.3,11.31,92.59,91.81,Released,HPLC-ENZ-204,HPLC-02,Analyst_C,0.0,0
B2026-0154,ENZ-AN-001,Aspergillus niger,Rochester,F-04,2026-05-12,RM-2393,Supplier_A,5000,Quality Review,49840.0,30.22,5.6,32.37,476.5,1.06,4.38,73.3,20.7,41.3,88.53,1,S00154,877.3,13.51,93.97,93.94,Hold,HPLC-ENZ-204,HPLC-02,Analyst_D,0.922,0
B2026-0155,ENZ-AN-001,Aspergillus niger,Wilmington,F-01,2026-02-04,RM-8871,Supplier_A,4000,Released,52048.0,30.29,5.79,38.09,314.3,1.22,3.28,75.0,22.8,48.4,91.56,0,S00155,828.8,10.62,92.36,92.41,Released,HPLC-ENZ-204,HPLC-01,Analyst_A,0.134,0
B2026-0156,ENZ-AN-001,Aspergillus niger,Rochester,F-02,2026-02-20,RM-8970,Supplier_A,4000,Released,53097.0,30.43,5.25,41.4,482.1,1.06,2.41,67.4,22.2,36.1,85.81,0,S00156,765.8,14.11,93.72,94.31,Released,HPLC-ENZ-204,HPLC-03,Analyst_B,0.002,0
B2026-0157,ENZ-AN-001,Aspergillus niger,Wilmington,F-02,2026-07-06,RM-8513,Supplier_C,4000,Quality Review,54463.0,28.52,5.88,33.54,417.0,1.0,4.44,72.0,21.0,58.9,78.27,1,S00157,723.6,11.97,91.71,92.99,Hold,HPLC-ENZ-204,HPLC-01,Analyst_D,0.854,1
B2026-0158,ENZ-AN-001,Aspergillus niger,Rochester,F-01,2026-07-12,RM-4315,Supplier_A,4000,Released,53588.0,29.74,6.14,41.06,354.4,1.24,3.78,71.5,22.2,44.3,91.0,0,S00158,841.1,10.68,93.57,93.84,Released,HPLC-ENZ-204,HPLC-02,Analyst_D,0.0,0
B2026-0159,ENZ-AN-001,Aspergillus niger,Rochester,F-01,2026-07-04,RM-3307,Supplier_B,5000,Quality Review,50282.0,28.47,5.9,13.25,387.9,1.23,3.36,80.3,19.8,44.3,75.04,1,S00159,703.9,14.57,93.76,93.38,Hold,HPLC-ENZ-204,HPLC-02,Analyst_D,0.964,0
B2026-0160,ENZ-AN-001,Aspergillus niger,Cedar Rapids,F-02,2026-02-25,RM-1447,Supplier_B,4000,Released,53860.0,30.03,5.24,44.72,364.1,1.3,3.2,80.7,21.7,45.2,84.01,0,S00160,846.6,12.41,93.97,94.52,Released,HPLC-ENZ-204,HPLC-02,Analyst_C,0.002,0
B2026-0161,ENZ-AN-001,Aspergillus niger,Wilmington,F-01,2026-05-17,RM-7583,Supplier_B,5000,Released,58513.0,30.0,5.76,35.0,467.6,1.59,4.0,64.5,17.1,53.3,85.3,0,S00161,822.7,14.98,94.21,93.72,Released,HPLC-ENZ-204,HPLC-03,Analyst_A,0.008,0
B2026-0162,ENZ-AN-001,Aspergillus niger,Cedar Rapids,F-01,2026-05-15,RM-3950,Supplier_A,4000,Released,51379.0,30.73,6.06,40.62,460.3,1.25,3.1,83.2,21.5,46.8,84.24,0,S00162,829.1,14.09,91.3,90.58,Released,HPLC-ENZ-204,HPLC-03,Analyst_D,0.016,0
B2026-0163,ENZ-AN-001,Aspergillus niger,Wilmington,F-02,2026-02-10,RM-9029,Supplier_C,3000,Quality Review,54064.0,30.83,5.14,22.24,325.4,1.29,4.03,67.9,22.7,32.4,77.2,1,S00163,698.3,11.46,94.92,93.69,Hold,HPLC-ENZ-204,HPLC-03,Analyst_C,0.994,0
B2026-0164,ENZ-AN-001,Aspergillus niger,Wilmington,F-01,2026-05-02,RM-8827,Supplier_A,4000,Released,50790.0,30.14,5.42,25.35,397.8,1.01,3.7,76.4,17.3,50.4,89.39,0,S00164,848.4,12.39,92.51,91.41,Released,HPLC-ENZ-204,HPLC-02,Analyst_D,0.014,0
B2026-0165,ENZ-AN-001,Aspergillus niger,Rochester,F-03,2026-04-26,RM-2153,Supplier_B,3000,Released,47796.0,29.65,6.11,33.17,372.5,0.97,3.53,76.4,20.2,40.0,90.02,0,S00165,901.6,12.66,95.84,95.21,Released,HPLC-ENZ-204,HPLC-01,Analyst_D,0.0,0
B2026-0166,ENZ-AN-001,Aspergillus niger,Wilmington,F-01,2026-03-29,RM-9251,Supplier_B,4000,Released,55399.0,30.34,5.89,31.86,491.1,1.48,3.48,67.5,17.5,42.6,83.9,0,S00166,843.8,14.48,94.62,93.79,Released,HPLC-ENZ-204,HPLC-02,Analyst_B,0.002,0
B2026-0167,ENZ-AN-001,Aspergillus niger,Cedar Rapids,F-02,2026-06-15,RM-2262,Supplier_B,3000,Released,48391.0,29.63,5.94,34.26,345.7,1.03,3.3,74.2,17.9,34.3,82.64,0,S00167,772.5,13.07,93.96,94.18,Released,HPLC-ENZ-204,HPLC-02,Analyst_A,0.0,0
B2026-0168,ENZ-AN-001,Aspergillus niger,Cedar Rapids,F-02,2026-05-30,RM-5413,Supplier_C,4000,Released,54510.0,30.0,6.45,40.68,508.2,1.01,3.98,71.5,15.5,45.2,82.17,0,S00168,807.9,12.73,92.19,91.35,Released,HPLC-ENZ-204,HPLC-02,Analyst_C,0.0,0
B2026-0169,ENZ-AN-001,Aspergillus niger,Wilmington,F-04,2026-04-28,RM-5264,Supplier_A,5000,Quality Review,52184.0,30.69,5.96,17.88,418.2,1.19,2.92,74.5,25.1,38.1,81.39,1,S00169,892.1,12.24,93.32,91.12,Hold,HPLC-ENZ-204,HPLC-02,Analyst_B,0.994,0
B2026-0170,ENZ-AN-001,Aspergillus niger,Cedar Rapids,F-03,2026-06-09,RM-9606,Supplier_B,4000,Released,50024.0,29.61,6.03,39.79,356.1,1.18,2.51,73.0,24.3,42.6,84.44,0,S00170,821.4,12.43,92.88,92.15,Released,HPLC-ENZ-204,HPLC-01,Analyst_A,0.0,0
B2026-0171,ENZ-AN-001,Aspergillus niger,Wilmington,F-04,2026-06-17,RM-6915,Supplier_A,3000,Released,49867.0,30.56,6.75,32.07,382.7,1.04,3.74,77.4,22.1,40.3,81.68,0,S00171,764.7,14.2,93.2,92.87,Released,HPLC-ENZ-204,HPLC-02,Analyst_B,0.002,0
B2026-0172,ENZ-AN-001,Aspergillus niger,Rochester,F-02,2026-05-05,RM-8876,Supplier_A,4000,Released,48697.0,30.47,5.73,30.37,375.9,1.15,3.75,72.3,27.9,53.6,83.0,0,S00172,800.7,12.5,93.0,92.58,Released,HPLC-ENZ-204,HPLC-03,Analyst_D,0.0,0
B2026-0173,ENZ-AN-001,Aspergillus niger,Wilmington,F-02,2026-02-28,RM-6361,Supplier_A,5000,Quality Review,41302.0,29.33,5.52,20.23,349.9,1.42,3.66,71.2,19.2,53.9,78.91,1,S00173,773.8,11.99,90.44,91.51,Hold,HPLC-ENZ-204,HPLC-02,Analyst_B,0.856,0
B2026-0174,ENZ-AN-001,Aspergillus niger,Cedar Rapids,F-02,2026-06-16,RM-8426,Supplier_A,4000,Released,54489.0,30.68,5.95,36.02,425.2,1.05,3.62,76.9,32.1,42.3,79.99,0,S00174,773.1,11.77,94.35,93.92,Released,HPLC-ENZ-204,HPLC-03,Analyst_B,0.008,0
B2026-0175,ENZ-AN-001,Aspergillus niger,Wilmington,F-04,2026-06-07,RM-8668,Supplier_A,3000,Quality Review,53505.0,30.49,5.95,12.69,352.5,0.95,3.22,74.6,19.1,42.4,78.79,1,S00175,767.1,11.78,92.78,93.4,Hold,HPLC-ENZ-204,HPLC-03,Analyst_C,0.992,0
B2026-0176,ENZ-AN-001,Aspergillus niger,Wilmington,F-04,2026-08-05,RM-8736,Supplier_A,4000,Released,57523.0,30.07,5.62,37.19,300.1,1.37,3.83,75.3,21.0,39.8,90.48,0,S00176,814.6,10.68,93.47,93.45,Released,HPLC-ENZ-204,HPLC-03,Analyst_C,0.518,0
B2026-0177,ENZ-AN-001,Aspergillus niger,Wilmington,F-04,2026-02-02,RM-4704,Supplier_A,4000,Released,48546.0,29.47,5.44,20.06,399.1,1.29,3.37,69.0,18.4,48.6,92.41,0,S00177,854.6,11.52,93.57,93.54,Released,HPLC-ENZ-204,HPLC-01,Analyst_B,0.352,0
B2026-0178,ENZ-AN-001,Aspergillus niger,Cedar Rapids,F-04,2026-04-03,RM-4436,Supplier_B,4000,Released,64320.0,29.4,6.61,32.43,320.8,1.09,3.13,67.3,21.5,40.0,78.5,0,S00178,759.0,14.45,93.28,92.69,Released,HPLC-ENZ-204,HPLC-03,Analyst_D,0.0,0
B2026-0179,ENZ-AN-001,Aspergillus niger,Cedar Rapids,F-03,2026-07-23,RM-9862,Supplier_B,3000,Released,49532.0,29.62,5.91,31.05,378.6,0.92,3.23,69.4,23.3,39.5,77.04,0,S00179,744.5,12.23,91.63,91.59,Released,HPLC-ENZ-204,HPLC-02,Analyst_C,0.0,0
B2026-0180,ENZ-AN-001,Aspergillus niger,Rochester,F-03,2026-04-24,RM-7807,Supplier_A,5000,Quality Review,46312.0,30.38,5.54,41.36,370.0,1.07,4.51,69.2,19.5,47.9,86.17,1,S00180,813.2,13.42,90.91,90.38,Hold,HPLC-ENZ-204,HPLC-02,Analyst_A,0.768,0
B2026-0181,ENZ-AN-001,Aspergillus niger,Cedar Rapids,F-04,2026-07-27,RM-9254,Supplier_A,3000,Released,45541.0,29.33,6.12,30.57,372.1,1.19,2.45,75.5,27.1,38.8,79.95,0,S00181,771.6,9.28,93.48,93.6,Released,HPLC-ENZ-204,HPLC-02,Analyst_B,0.0,0
B2026-0182,ENZ-AN-001,Aspergillus niger,Cedar Rapids,F-02,2026-01-03,RM-6195,Supplier_A,3000,Quality Review,40730.0,30.31,5.76,26.45,530.1,1.41,3.67,76.4,21.0,41.8,90.13,1,S00182,879.0,13.24,94.64,94.47,Hold,HPLC-ENZ-204,HPLC-01,Analyst_D,0.012,0
B2026-0183,ENZ-AN-001,Aspergillus niger,Rochester,F-02,2026-01-08,RM-9360,Supplier_B,3000,Released,61962.0,29.13,5.71,27.95,423.1,1.01,2.48,71.3,21.1,32.5,78.9,0,S00183,809.6,12.29,92.65,91.99,Released,HPLC-ENZ-204,HPLC-03,Analyst_A,0.0,0
B2026-0184,ENZ-AN-001,Aspergillus niger,Wilmington,F-04,2026-06-25,RM-7476,Supplier_A,4000,Released,60912.0,29.86,6.0,42.18,433.5,1.18,3.34,78.4,16.4,46.2,86.39,0,S00184,836.2,11.87,92.26,92.96,Released,HPLC-ENZ-204,HPLC-02,Analyst_A,0.0,0
B2026-0185,ENZ-AN-001,Aspergillus niger,Cedar Rapids,F-02,2026-03-20,RM-7682,Supplier_A,4000,Released,55905.0,30.08,5.35,36.29,322.3,1.32,3.16,78.2,21.7,53.6,84.89,0,S00185,844.4,12.74,93.6,93.89,Released,HPLC-ENZ-204,HPLC-03,Analyst_C,0.006,0
B2026-0186,ENZ-AN-001,Aspergillus niger,Rochester,F-01,2026-04-25,RM-2599,Supplier_A,4000,Quality Review,46175.0,31.71,5.92,28.91,384.0,0.77,2.25,73.1,19.5,46.3,82.03,1,S00186,774.9,11.86,91.45,91.13,Hold,HPLC-ENZ-204,HPLC-03,Analyst_B,0.848,1
B2026-0187,ENZ-AN-001,Aspergillus niger,Wilmington,F-03,2026-04-05,RM-6101,Supplier_A,4000,Released,63773.0,29.04,6.47,30.11,431.8,1.39,3.61,68.3,17.6,50.8,80.53,0,S00187,810.8,9.74,91.82,91.92,Released,HPLC-ENZ-204,HPLC-02,Analyst_B,0.004,0
B2026-0188,ENZ-AN-001,Aspergillus niger,Wilmington,F-02,2026-03-31,RM-7581,Supplier_A,4000,Quality Review,49714.0,31.03,5.96,19.46,363.7,0.99,3.19,79.1,16.9,36.9,80.11,1,S00188,798.0,13.7,92.11,92.05,Hold,HPLC-ENZ-204,HPLC-03,Analyst_B,0.988,0
B2026-0189,ENZ-AN-001,Aspergillus niger,Rochester,F-04,2026-07-26,RM-7848,Supplier_B,4000,Quality Review,50251.0,30.1,5.67,35.11,469.9,1.26,2.25,71.7,30.7,43.4,81.42,1,S00189,832.5,12.82,94.16,93.55,Hold,HPLC-ENZ-204,HPLC-02,Analyst_A,0.002,0
B2026-0190,ENZ-AN-001,Aspergillus niger,Wilmington,F-04,2026-01-21,RM-9617,Supplier_B,5000,Quality Review,61342.0,30.29,5.62,17.92,353.9,1.24,3.86,72.6,18.9,36.3,78.15,1,S00190,794.5,12.09,92.38,92.43,Hold,HPLC-ENZ-204,HPLC-02,Analyst_B,1.0,0
B2026-0191,ENZ-AN-001,Aspergillus niger,Cedar Rapids,F-02,2026-06-19,RM-3942,Supplier_B,4000,Released,56283.0,30.08,5.66,38.01,404.2,1.4,4.19,70.5,14.2,40.6,83.18,0,S00191,836.7,11.24,92.78,92.35,Released,HPLC-ENZ-204,HPLC-03,Analyst_A,0.18,0
B2026-0192,ENZ-AN-001,Aspergillus niger,Wilmington,F-03,2026-07-15,RM-3723,Supplier_B,3000,Released,66307.0,30.31,5.71,33.03,387.8,1.3,4.22,68.0,17.2,46.6,76.84,0,S00192,745.6,10.59,95.03,94.37,Released,HPLC-ENZ-204,HPLC-03,Analyst_C,0.132,0
B2026-0193,ENZ-AN-001,Aspergillus niger,Wilmington,F-04,2026-05-25,RM-9724,Supplier_B,5000,Released,53617.0,29.89,5.67,51.1,429.0,0.77,3.6,65.4,19.8,42.6,84.29,0,S00193,831.7,12.79,93.85,92.72,Released,HPLC-ENZ-204,HPLC-03,Analyst_C,0.004,0
B2026-0194,ENZ-AN-001,Aspergillus niger,Cedar Rapids,F-03,2026-03-28,RM-9874,Supplier_A,5000,Quality Review,49419.0,31.02,6.12,23.2,384.8,1.06,3.43,74.8,22.2,33.5,82.57,1,S00194,852.3,14.6,93.66,93.41,Hold,HPLC-ENZ-204,HPLC-03,Analyst_D,0.996,0
B2026-0195,ENZ-AN-001,Aspergillus niger,Wilmington,F-01,2026-02-05,RM-2618,Supplier_B,4000,Released,48023.0,29.68,5.19,31.18,405.1,1.22,4.13,68.5,22.2,34.1,82.62,0,S00195,775.5,12.76,92.82,93.22,Released,HPLC-ENZ-204,HPLC-02,Analyst_A,0.016,0
B2026-0196,ENZ-AN-001,Aspergillus niger,Wilmington,F-03,2026-05-31,RM-4405,Supplier_B,5000,Quality Review,39995.0,30.79,6.1,46.39,407.0,1.16,4.33,85.8,22.7,33.7,78.85,1,S00196,740.8,10.7,92.17,91.68,Hold,HPLC-ENZ-204,HPLC-03,Analyst_B,0.878,1
B2026-0197,ENZ-AN-001,Aspergillus niger,Rochester,F-03,2026-04-14,RM-9531,Supplier_A,4000,Released,50189.0,29.55,5.67,41.53,379.6,1.29,4.02,67.1,17.4,44.9,83.97,0,S00197,825.9,12.79,90.77,92.54,Released,HPLC-ENZ-204,HPLC-01,Analyst_B,0.002,0
B2026-0198,ENZ-AN-001,Aspergillus niger,Cedar Rapids,F-03,2026-02-02,RM-2797,Supplier_B,4000,Released,59440.0,29.96,5.93,26.43,446.7,1.34,2.88,66.3,21.4,54.4,85.14,0,S00198,847.5,12.43,94.68,95.3,Released,HPLC-ENZ-204,HPLC-03,Analyst_C,0.002,0
B2026-0199,ENZ-AN-001,Aspergillus niger,Wilmington,F-01,2026-03-21,RM-8047,Supplier_A,5000,Released,55892.0,29.25,5.41,33.79,433.1,1.31,3.51,74.3,16.5,50.2,87.48,0,S00199,813.9,13.62,94.29,95.2,Released,HPLC-ENZ-204,HPLC-02,Analyst_C,0.0,0
B2026-0200,ENZ-AN-001,Aspergillus niger,Wilmington,F-02,2026-07-31,RM-2010,Supplier_B,5000,Released,52132.0,30.32,6.27,32.02,415.1,1.16,3.64,78.9,17.5,30.6,82.84,0,S00200,803.6,13.29,93.07,93.63,Released,HPLC-ENZ-204,HPLC-02,Analyst_D,0.0,0
B2026-0201,ENZ-AN-001,Aspergillus niger,Cedar Rapids,F-04,2026-02-28,RM-2604,Supplier_B,4000,Released,45533.0,31.01,6.24,34.26,396.3,0.87,2.4,72.3,16.3,50.5,79.64,0,S00201,772.4,8.62,92.8,94.1,Released,HPLC-ENZ-204,HPLC-03,Analyst_D,0.146,0
B2026-0202,ENZ-AN-001,Aspergillus niger,Cedar Rapids,F-01,2026-02-09,RM-8063,Supplier_C,4000,Released,53475.0,29.95,6.14,26.41,463.8,1.12,3.66,74.6,15.2,47.6,87.18,0,S00202,748.5,13.21,94.6,94.05,Released,HPLC-ENZ-204,HPLC-01,Analyst_D,0.018,0
B2026-0203,ENZ-AN-001,Aspergillus niger,Rochester,F-02,2026-05-31,RM-6466,Supplier_C,4000,Quality Review,58583.0,29.86,5.27,31.29,407.0,1.27,4.65,63.7,24.3,32.7,80.04,1,S00203,770.5,11.2,91.14,89.35,Hold,HPLC-ENZ-204,HPLC-03,Analyst_A,0.892,1
B2026-0204,ENZ-AN-001,Aspergillus niger,Wilmington,F-02,2026-02-13,RM-5992,Supplier_B,3000,Quality Review,54800.0,29.22,6.09,19.22,403.1,1.0,3.75,69.0,22.8,40.2,75.13,1,S00204,726.7,10.65,91.81,91.49,Hold,HPLC-ENZ-204,HPLC-02,Analyst_A,0.994,0
B2026-0205,ENZ-AN-001,Aspergillus niger,Wilmington,F-01,2026-07-22,RM-8708,Supplier_B,5000,Released,53084.0,29.84,5.94,33.08,425.8,1.31,4.21,67.2,23.9,48.6,84.71,0,S00205,817.6,12.25,92.11,92.5,Released,HPLC-ENZ-204,HPLC-02,Analyst_D,0.1,0
B2026-0206,ENZ-AN-001,Aspergillus niger,Wilmington,F-01,2026-07-08,RM-3763,Supplier_B,4000,Released,46820.0,28.89,5.24,35.6,513.3,1.36,3.5,63.5,20.2,45.3,80.94,0,S00206,852.7,13.03,95.22,95.33,Released,HPLC-ENZ-204,HPLC-01,Analyst_D,0.0,0
B2026-0207,ENZ-AN-001,Aspergillus niger,Wilmington,F-02,2026-08-05,RM-5529,Supplier_A,4000,Released,57637.0,29.36,5.79,30.18,346.3,1.22,3.36,72.5,23.1,34.1,89.54,0,S00207,815.9,10.37,95.0,95.2,Released,HPLC-ENZ-204,HPLC-02,Analyst_B,0.0,0
B2026-0208,ENZ-AN-001,Aspergillus niger,Rochester,F-04,2026-07-20,RM-6475,Supplier_C,4000,Quality Review,31643.0,30.16,5.93,19.08,462.3,0.7,3.61,61.9,13.0,45.7,79.75,1,S00208,740.5,13.42,90.33,91.26,Hold,HPLC-ENZ-204,HPLC-03,Analyst_A,0.982,1
B2026-0209,ENZ-AN-001,Aspergillus niger,Wilmington,F-01,2026-02-23,RM-7658,Supplier_A,4000,Released,54488.0,30.92,5.99,39.91,315.9,0.97,2.95,66.1,23.5,29.2,81.13,0,S00209,673.2,13.49,91.3,91.56,Released,HPLC-ENZ-204,HPLC-01,Analyst_C,0.13,1
B2026-0210,ENZ-AN-001,Aspergillus niger,Rochester,F-02,2026-02-16,RM-3988,Supplier_A,4000,Quality Review,68707.0,31.97,5.86,34.92,432.0,1.54,2.87,69.6,20.7,40.7,80.53,1,S00210,763.4,12.56,92.89,93.45,Hold,HPLC-ENZ-204,HPLC-02,Analyst_C,0.892,0
B2026-0211,ENZ-AN-001,Aspergillus niger,Rochester,F-01,2026-03-17,RM-6702,Supplier_A,5000,Released,42196.0,29.59,5.9,26.19,506.6,1.1,4.1,68.3,22.5,48.8,85.56,0,S00211,815.0,11.37,92.99,92.33,Released,HPLC-ENZ-204,HPLC-03,Analyst_D,0.008,0
B2026-0212,ENZ-AN-001,Aspergillus niger,Rochester,F-03,2026-04-14,RM-5034,Supplier_C,4000,Quality Review,50431.0,31.0,6.32,29.76,446.9,0.84,4.15,73.8,21.5,42.1,74.03,1,S00212,700.3,11.23,90.81,90.05,Hold,HPLC-ENZ-204,HPLC-02,Analyst_C,0.758,0
B2026-0213,ENZ-AN-001,Aspergillus niger,Wilmington,F-02,2026-07-13,RM-5877,Supplier_A,4000,Quality Review,51949.0,30.17,6.23,19.99,429.4,1.42,2.85,73.4,16.1,39.0,86.07,1,S00213,887.5,13.83,95.94,97.07,Hold,HPLC-ENZ-204,HPLC-02,Analyst_D,0.998,0
B2026-0214,ENZ-AN-001,Aspergillus niger,Cedar Rapids,F-04,2026-06-11,RM-8763,Supplier_A,4000,Quality Review,48993.0,29.89,4.8,23.8,389.2,1.2,3.93,76.0,14.0,47.3,77.23,1,S00214,792.4,10.54,93.1,93.17,Hold,HPLC-ENZ-204,HPLC-02,Analyst_D,0.934,0
B2026-0215,ENZ-AN-001,Aspergillus niger,Rochester,F-03,2026-05-22,RM-4542,Supplier_A,4000,Released,58736.0,30.3,5.69,27.7,421.7,1.4,3.35,75.4,17.2,47.8,83.4,0,S00215,815.8,13.88,93.91,93.47,Released,HPLC-ENZ-204,HPLC-01,Analyst_A,0.0,0
B2026-0216,ENZ-AN-001,Aspergillus niger,Rochester,F-04,2026-07-13,RM-7012,Supplier_A,3000,Released,55071.0,30.04,5.74,41.83,406.1,1.25,3.59,77.1,22.3,49.9,91.77,0,S00216,875.2,12.29,93.35,92.91,Released,HPLC-ENZ-204,HPLC-02,Analyst_A,0.0,0
B2026-0217,ENZ-AN-001,Aspergillus niger,Wilmington,F-03,2026-05-23,RM-9476,Supplier_A,4000,Released,52990.0,30.08,5.19,26.88,376.8,1.28,3.65,72.0,22.8,47.2,91.31,0,S00217,933.6,12.38,95.0,94.54,Released,HPLC-ENZ-204,HPLC-03,Analyst_D,0.006,0
B2026-0218,ENZ-AN-001,Aspergillus niger,Wilmington,F-02,2026-03-25,RM-7860,Supplier_B,3000,Released,57182.0,29.71,5.83,37.12,404.1,1.27,3.95,73.4,14.5,48.5,79.67,0,S00218,776.0,10.28,92.51,92.01,Released,HPLC-ENZ-204,HPLC-02,Analyst_A,0.0,0
B2026-0219,ENZ-AN-001,Aspergillus niger,Cedar Rapids,F-04,2026-04-01,RM-9897,Supplier_A,4000,Released,52109.0,29.02,6.24,27.69,430.9,1.33,3.45,74.3,16.1,46.4,81.16,0,S00219,754.2,12.31,92.78,91.88,Released,HPLC-ENZ-204,HPLC-02,Analyst_A,0.0,0
B2026-0220,ENZ-AN-001,Aspergillus niger,Wilmington,F-02,2026-04-24,RM-6250,Supplier_C,5000,Released,72669.0,28.92,5.42,33.98,377.8,1.61,4.18,72.6,17.1,43.6,80.82,0,S00220,710.6,13.3,93.82,92.76,Released,HPLC-ENZ-204,HPLC-01,Analyst_D,0.08,0
B2026-0221,ENZ-AN-001,Aspergillus niger,Wilmington,F-04,2026-01-20,RM-3537,Supplier_C,4000,Released,52984.0,30.46,5.92,30.87,375.7,1.37,3.57,70.2,18.6,42.5,91.27,0,S00221,867.2,10.76,92.17,92.04,Released,HPLC-ENZ-204,HPLC-03,Analyst_A,0.0,0
B2026-0222,ENZ-AN-001,Aspergillus niger,Rochester,F-04,2026-06-13,RM-9921,Supplier_A,4000,Released,53269.0,29.81,5.48,38.98,345.2,0.92,3.74,70.5,14.6,40.6,85.05,0,S00222,861.9,13.15,95.42,95.01,Released,HPLC-ENZ-204,HPLC-03,Analyst_A,0.0,0
B2026-0223,ENZ-AN-001,Aspergillus niger,Rochester,F-03,2026-05-24,RM-6800,Supplier_A,4000,Released,40882.0,29.58,5.56,27.72,441.5,1.28,2.94,68.3,14.3,34.7,82.48,0,S00223,906.0,12.62,93.47,94.24,Released,HPLC-ENZ-204,HPLC-03,Analyst_A,0.0,0
B2026-0224,ENZ-AN-001,Aspergillus niger,Cedar Rapids,F-03,2026-06-10,RM-3172,Supplier_B,3000,Quality Review,48468.0,30.01,6.32,19.42,450.0,1.41,4.59,73.9,16.7,36.3,82.19,1,S00224,803.6,11.66,94.76,94.96,Hold,HPLC-ENZ-204,HPLC-02,Analyst_B,0.998,0
B2026-0225,ENZ-AN-001,Aspergillus niger,Wilmington,F-02,2026-04-28,RM-3854,Supplier_A,5000,Quality Review,59458.0,30.56,5.61,20.94,432.7,1.42,3.66,71.6,20.3,40.3,84.33,1,S00225,786.7,13.61,92.14,92.33,Hold,HPLC-ENZ-204,HPLC-02,Analyst_C,1.0,0
B2026-0226,ENZ-AN-001,Aspergillus niger,Cedar Rapids,F-04,2026-06-22,RM-3360,Supplier_A,4000,Released,43320.0,30.13,5.96,27.74,473.1,1.12,3.79,69.0,15.3,43.4,88.48,0,S00226,807.2,9.64,92.74,92.22,Released,HPLC-ENZ-204,HPLC-02,Analyst_C,0.0,0
B2026-0227,ENZ-AN-001,Aspergillus niger,Wilmington,F-03,2026-07-28,RM-8501,Supplier_C,3000,Quality Review,37976.0,29.54,5.15,22.01,424.8,1.41,2.52,69.0,19.5,50.6,76.6,1,S00227,772.5,12.95,91.27,91.18,Hold,HPLC-ENZ-204,HPLC-01,Analyst_D,0.81,0
B2026-0228,ENZ-AN-001,Aspergillus niger,Rochester,F-04,2026-05-06,RM-1832,Supplier_C,3000,Released,52210.0,30.86,6.45,35.28,441.6,1.37,2.95,66.6,24.2,41.7,80.19,0,S00228,702.4,14.61,93.32,93.57,Released,HPLC-ENZ-204,HPLC-01,Analyst_C,0.01,0
B2026-0229,ENZ-AN-001,Aspergillus niger,Rochester,F-02,2026-04-08,RM-7658,Supplier_B,5000,Quality Review,60910.0,31.11,6.01,28.27,436.7,1.66,4.08,76.4,14.8,48.0,72.59,1,S00229,734.4,14.37,92.34,92.84,Hold,HPLC-ENZ-204,HPLC-02,Analyst_D,0.202,1
B2026-0230,ENZ-AN-001,Aspergillus niger,Wilmington,F-04,2026-01-24,RM-5985,Supplier_A,4000,Released,52275.0,30.35,5.74,51.0,415.0,1.06,3.56,72.4,19.2,48.5,85.38,0,S00230,867.9,13.01,92.98,92.92,Released,HPLC-ENZ-204,HPLC-02,Analyst_A,0.0,0
B2026-0231,ENZ-AN-001,Aspergillus niger,Wilmington,F-02,2026-06-21,RM-1661,Supplier_B,4000,Quality Review,49815.0,30.68,6.0,18.1,390.8,1.11,2.35,68.1,24.1,40.6,80.39,1,S00231,803.3,12.11,91.82,92.58,Hold,HPLC-ENZ-204,HPLC-01,Analyst_B,0.996,0
B2026-0232,ENZ-AN-001,Aspergillus niger,Wilmington,F-01,2026-07-18,RM-6519,Supplier_B,3000,Released,39920.0,30.87,5.31,33.63,541.8,1.14,3.97,75.6,18.3,45.6,80.09,0,S00232,771.0,11.67,91.49,91.5,Released,HPLC-ENZ-204,HPLC-03,Analyst_B,0.088,0
B2026-0233,ENZ-AN-001,Aspergillus niger,Cedar Rapids,F-01,2026-06-03,RM-7777,Supplier_A,3000,Quality Review,54940.0,30.79,6.21,22.98,395.1,1.11,3.1,69.5,17.7,40.5,82.3,1,S00233,827.3,12.11,93.17,93.73,Hold,HPLC-ENZ-204,HPLC-02,Analyst_A,0.982,0
B2026-0234,ENZ-AN-001,Aspergillus niger,Rochester,F-03,2026-07-10,RM-7532,Supplier_B,5000,Released,56298.0,30.43,5.69,28.05,383.4,1.04,4.18,65.7,24.7,49.9,77.46,0,S00234,763.6,13.21,92.19,91.84,Released,HPLC-ENZ-204,HPLC-03,Analyst_D,0.032,0
B2026-0235,ENZ-AN-001,Aspergillus niger,Cedar Rapids,F-02,2026-07-09,RM-5756,Supplier_A,3000,Released,40419.0,30.42,5.73,33.13,443.9,0.7,3.35,76.6,18.8,45.8,85.44,0,S00235,796.7,11.45,92.72,91.45,Released,HPLC-ENZ-204,HPLC-01,Analyst_A,0.022,0
B2026-0236,ENZ-AN-001,Aspergillus niger,Cedar Rapids,F-01,2026-06-25,RM-4018,Supplier_A,3000,Quality Review,59374.0,30.36,5.63,13.4,433.9,1.12,3.51,69.6,24.4,34.9,82.64,1,S00236,888.4,13.48,95.12,95.31,Hold,HPLC-ENZ-204,HPLC-01,Analyst_B,0.994,0
B2026-0237,ENZ-AN-001,Aspergillus niger,Rochester,F-02,2026-04-21,RM-2474,Supplier_B,4000,Released,56977.0,29.23,5.6,33.89,342.7,1.27,4.05,70.2,21.7,43.0,83.11,0,S00237,793.7,15.27,93.21,93.72,Released,HPLC-ENZ-204,HPLC-01,Analyst_B,0.002,0
B2026-0238,ENZ-AN-001,Aspergillus niger,Cedar Rapids,F-03,2026-01-22,RM-1110,Supplier_A,5000,Released,59360.0,30.49,6.04,47.22,481.7,1.11,2.91,72.2,18.6,51.9,76.4,0,S00238,780.7,12.42,94.16,94.57,Released,HPLC-ENZ-204,HPLC-03,Analyst_A,0.0,0
B2026-0239,ENZ-AN-001,Aspergillus niger,Wilmington,F-02,2026-01-01,RM-4235,Supplier_A,4000,Released,55793.0,29.05,5.89,28.37,414.8,1.55,2.85,77.1,21.9,40.9,81.93,0,S00239,689.5,10.75,92.55,92.85,Released,HPLC-ENZ-204,HPLC-01,Analyst_D,0.014,0
B2026-0240,ENZ-AN-001,Aspergillus niger,Wilmington,F-04,2026-02-14,RM-6689,Supplier_C,3000,Released,56249.0,29.44,6.03,34.08,358.9,1.2,3.29,72.1,21.3,44.7,86.43,0,S00240,898.5,10.75,93.94,93.69,Released,HPLC-ENZ-204,HPLC-03,Analyst_A,0.0,0
B2026-0241,ENZ-AN-001,Aspergillus niger,Cedar Rapids,F-04,2026-04-05,RM-1338,Supplier_C,5000,Released,55385.0,30.91,5.8,40.2,485.4,1.43,3.85,66.6,24.1,45.3,81.01,0,S00241,855.7,13.51,93.03,92.47,Released,HPLC-ENZ-204,HPLC-03,Analyst_A,0.044,0
B2026-0242,ENZ-AN-001,Aspergillus niger,Cedar Rapids,F-03,2026-06-13,RM-9987,Supplier_B,4000,Released,57645.0,30.59,5.98,30.69,454.4,1.25,2.67,74.4,17.8,35.8,80.55,0,S00242,786.5,12.42,91.02,91.4,Released,HPLC-ENZ-204,HPLC-01,Analyst_B,0.004,0
B2026-0243,ENZ-AN-001,Aspergillus niger,Wilmington,F-04,2026-04-11,RM-6272,Supplier_C,5000,Released,40178.0,31.04,5.65,27.35,350.5,1.35,2.48,69.8,20.2,45.1,83.16,0,S00243,835.1,13.64,95.03,95.33,Released,HPLC-ENZ-204,HPLC-02,Analyst_A,0.142,0
B2026-0244,ENZ-AN-001,Aspergillus niger,Rochester,F-02,2026-01-06,RM-3650,Supplier_C,5000,Released,42243.0,29.81,6.58,13.79,517.7,1.25,3.85,80.5,19.8,33.6,77.7,0,S00244,783.3,11.81,92.61,92.22,Released,HPLC-ENZ-204,HPLC-01,Analyst_D,0.374,1
B2026-0245,ENZ-AN-001,Aspergillus niger,Rochester,F-01,2026-02-16,RM-9657,Supplier_A,4000,Released,47216.0,29.19,5.25,37.13,456.2,1.45,3.07,72.0,22.8,38.2,82.56,0,S00245,775.4,13.58,94.15,94.93,Released,HPLC-ENZ-204,HPLC-02,Analyst_A,0.004,0
B2026-0246,ENZ-AN-001,Aspergillus niger,Cedar Rapids,F-01,2026-08-04,RM-2655,Supplier_A,4000,Released,51156.0,29.83,6.24,31.09,419.4,1.21,3.18,61.9,15.9,48.5,84.6,0,S00246,848.3,12.29,92.56,91.94,Released,HPLC-ENZ-204,HPLC-01,Analyst_B,0.002,0
B2026-0247,ENZ-AN-001,Aspergillus niger,Rochester,F-04,2026-08-06,RM-9617,Supplier_A,4000,Quality Review,54523.0,30.07,6.28,23.9,507.5,1.29,2.38,73.6,24.1,44.1,88.67,1,S00247,826.0,11.55,93.67,93.26,Hold,HPLC-ENZ-204,HPLC-03,Analyst_B,0.894,0
B2026-0248,ENZ-AN-001,Aspergillus niger,Wilmington,F-04,2026-03-24,RM-3535,Supplier_A,5000,Released,54110.0,30.06,5.5,33.01,428.8,1.27,3.03,80.8,21.9,40.2,86.04,0,S00248,810.0,11.98,92.56,93.71,Released,HPLC-ENZ-204,HPLC-03,Analyst_A,0.0,0
B2026-0249,ENZ-AN-001,Aspergillus niger,Wilmington,F-03,2026-06-27,RM-4417,Supplier_B,5000,Released,59261.0,30.79,6.58,27.33,418.5,1.15,3.4,79.1,14.7,44.7,77.85,0,S00249,810.3,10.94,94.27,94.88,Released,HPLC-ENZ-204,HPLC-01,Analyst_A,0.018,0
B2026-0250,ENZ-AN-001,Aspergillus niger,Wilmington,F-01,2026-06-08,RM-4828,Supplier_A,5000,Released,59465.0,29.75,6.15,27.77,383.7,1.27,3.91,80.2,24.8,41.6,86.86,0,S00250,889.1,15.09,94.06,93.81,Released,HPLC-ENZ-204,HPLC-01,Analyst_C,0.002,0
B2026-0251,ENZ-AN-001,Aspergillus niger,Rochester,F-02,2026-07-24,RM-9952,Supplier_A,4000,Released,46329.0,30.25,6.14,36.85,452.0,1.6,2.98,67.4,28.9,42.1,89.34,0,S00251,836.9,12.37,94.37,94.58,Released,HPLC-ENZ-204,HPLC-03,Analyst_A,0.024,0
B2026-0252,ENZ-AN-001,Aspergillus niger,Cedar Rapids,F-01,2026-07-15,RM-3257,Supplier_A,4000,Quality Review,53551.0,29.31,5.81,21.29,446.2,1.15,4.31,76.1,24.0,45.9,81.38,1,S00252,760.1,13.34,94.77,94.88,Hold,HPLC-ENZ-204,HPLC-02,Analyst_A,0.996,0
B2026-0253,ENZ-AN-001,Aspergillus niger,Rochester,F-01,2026-05-19,RM-9754,Supplier_A,4000,Released,46489.0,30.32,5.72,40.38,420.8,1.28,3.02,68.8,25.7,37.6,89.54,0,S00253,841.6,11.8,95.34,93.42,Released,HPLC-ENZ-204,HPLC-02,Analyst_B,0.0,0
B2026-0254,ENZ-AN-001,Aspergillus niger,Wilmington,F-01,2026-03-28,RM-4122,Supplier_C,4000,Quality Review,50776.0,30.0,5.73,20.82,376.6,1.43,3.02,73.0,20.3,42.2,91.33,1,S00254,920.6,11.13,95.05,94.42,Hold,HPLC-ENZ-204,HPLC-03,Analyst_B,1.0,0
B2026-0255,ENZ-AN-001,Aspergillus niger,Wilmington,F-03,2026-05-18,RM-3566,Supplier_A,4000,Quality Review,54092.0,29.48,5.94,26.7,427.1,1.41,4.25,66.3,13.4,40.1,83.18,1,S00255,765.2,12.2,91.61,91.58,Hold,HPLC-ENZ-204,HPLC-01,Analyst_B,0.72,0
B2026-0256,ENZ-AN-001,Aspergillus niger,Rochester,F-01,2026-03-12,RM-6743,Supplier_A,5000,Released,29843.0,29.83,6.29,47.38,416.2,1.2,3.52,69.1,12.6,32.5,85.03,0,S00256,843.8,13.93,92.67,92.42,Released,HPLC-ENZ-204,HPLC-03,Analyst_D,0.02,0
B2026-0257,ENZ-AN-001,Aspergillus niger,Cedar Rapids,F-04,2026-03-18,RM-7243,Supplier_A,4000,Released,67673.0,29.87,5.86,41.02,346.7,0.77,3.1,69.0,21.0,36.5,86.77,0,S00257,878.0,11.82,92.47,92.65,Released,HPLC-ENZ-204,HPLC-02,Analyst_B,0.006,0
B2026-0258,ENZ-AN-001,Aspergillus niger,Wilmington,F-02,2026-05-14,RM-4104,Supplier_A,3000,Released,55682.0,29.81,5.48,32.78,339.1,1.29,3.31,76.0,17.6,51.4,86.59,0,S00258,838.6,11.37,94.53,95.32,Released,HPLC-ENZ-204,HPLC-02,Analyst_C,0.0,0
B2026-0259,ENZ-AN-001,Aspergillus niger,Wilmington,F-02,2026-05-06,RM-2206,Supplier_B,4000,Quality Review,48128.0,31.24,6.09,24.48,451.1,0.8,4.14,75.6,16.3,44.3,79.94,1,S00259,824.8,12.7,93.2,92.97,Hold,HPLC-ENZ-204,HPLC-02,Analyst_D,0.904,1
B2026-0260,ENZ-AN-001,Aspergillus niger,Rochester,F-03,2026-05-08,RM-4564,Supplier_A,4000,Quality Review,64528.0,29.93,6.12,27.77,276.9,1.46,4.21,73.2,19.7,34.1,86.19,1,S00260,825.1,13.15,91.95,91.21,Hold,HPLC-ENZ-204,HPLC-03,Analyst_A,0.816,0
B2026-0261,ENZ-AN-001,Aspergillus niger,Wilmington,F-04,2026-03-26,RM-5863,Supplier_A,5000,Released,49742.0,29.83,6.03,32.59,431.3,1.23,2.95,65.9,22.5,32.8,87.89,0,S00261,845.4,14.64,93.56,93.79,Released,HPLC-ENZ-204,HPLC-02,Analyst_C,0.0,0
B2026-0262,ENZ-AN-001,Aspergillus niger,Cedar Rapids,F-02,2026-04-01,RM-1360,Supplier_A,4000,Released,52861.0,28.53,6.06,32.3,393.7,1.38,3.38,70.6,14.2,41.3,76.92,0,S00262,706.8,12.96,90.9,90.67,Released,HPLC-ENZ-204,HPLC-01,Analyst_B,0.002,0
B2026-0263,ENZ-AN-001,Aspergillus niger,Wilmington,F-01,2026-01-03,RM-1707,Supplier_C,4000,Released,48834.0,29.37,5.71,31.27,492.0,1.04,3.45,68.6,18.2,51.4,82.49,0,S00263,849.5,13.34,93.19,93.08,Released,HPLC-ENZ-204,HPLC-01,Analyst_C,0.0,0
B2026-0264,ENZ-AN-001,Aspergillus niger,Wilmington,F-01,2026-05-13,RM-9260,Supplier_B,4000,Released,62738.0,29.82,5.47,31.75,392.9,0.92,2.86,75.9,26.0,40.9,89.78,0,S00264,838.4,13.44,91.99,91.79,Released,HPLC-ENZ-204,HPLC-03,Analyst_A,0.0,0
B2026-0265,ENZ-AN-001,Aspergillus niger,Cedar Rapids,F-04,2026-05-07,RM-1322,Supplier_B,4000,Released,51318.0,29.52,5.5,30.28,456.3,1.25,3.37,77.3,15.7,49.8,80.35,0,S00265,799.0,11.0,93.67,95.24,Released,HPLC-ENZ-204,HPLC-02,Analyst_B,0.0,0
B2026-0266,ENZ-AN-001,Aspergillus niger,Wilmington,F-01,2026-07-25,RM-4661,Supplier_B,3000,Quality Review,52972.0,30.97,5.23,20.46,398.2,1.19,3.4,76.8,23.5,44.1,76.39,1,S00266,742.5,11.25,93.09,91.52,Hold,HPLC-ENZ-204,HPLC-01,Analyst_A,0.982,0
B2026-0267,ENZ-AN-001,Aspergillus niger,Wilmington,F-03,2026-04-21,RM-7874,Supplier_B,5000,Released,59825.0,29.88,5.88,27.87,426.3,1.11,4.03,68.6,18.1,44.8,87.55,0,S00267,804.3,11.09,96.04,95.77,Released,HPLC-ENZ-204,HPLC-01,Analyst_D,0.004,0
B2026-0268,ENZ-AN-001,Aspergillus niger,Wilmington,F-02,2026-04-13,RM-3952,Supplier_A,5000,Released,55803.0,30.9,5.77,39.32,460.5,1.22,4.06,59.7,22.2,34.0,83.43,0,S00268,785.2,10.77,94.36,94.36,Released,HPLC-ENZ-204,HPLC-01,Analyst_C,0.114,0
B2026-0269,ENZ-AN-001,Aspergillus niger,Wilmington,F-04,2026-01-15,RM-5452,Supplier_A,4000,Quality Review,51647.0,30.04,5.65,21.05,394.6,1.7,3.22,64.0,24.4,47.6,88.49,1,S00269,922.9,13.53,93.34,92.8,Hold,HPLC-ENZ-204,HPLC-03,Analyst_A,0.994,0
B2026-0270,ENZ-AN-001,Aspergillus niger,Wilmington,F-01,2026-02-13,RM-1778,Supplier_B,4000,Released,59218.0,30.03,4.77,30.48,474.8,1.35,3.28,78.4,23.0,40.0,82.82,0,S00270,815.9,12.88,94.26,94.89,Released,HPLC-ENZ-204,HPLC-03,Analyst_C,0.012,0
B2026-0271,ENZ-AN-001,Aspergillus niger,Wilmington,F-04,2026-03-16,RM-8149,Supplier_A,3000,Released,68500.0,29.94,5.36,25.44,365.3,1.39,3.77,70.2,23.6,47.2,86.57,0,S00271,797.0,12.6,91.98,92.55,Released,HPLC-ENZ-204,HPLC-02,Analyst_D,0.004,0
B2026-0272,ENZ-AN-001,Aspergillus niger,Wilmington,F-03,2026-03-24,RM-6707,Supplier_C,4000,Released,54063.0,30.0,6.19,32.89,436.2,1.35,3.08,68.6,15.4,37.1,84.8,0,S00272,839.3,9.13,92.33,92.29,Released,HPLC-ENZ-204,HPLC-01,Analyst_C,0.0,0
B2026-0273,ENZ-AN-001,Aspergillus niger,Wilmington,F-02,2026-03-21,RM-8664,Supplier_A,4000,Released,52759.0,31.2,5.57,28.89,470.7,1.47,3.72,79.4,24.5,43.1,77.96,0,S00273,754.0,15.17,93.2,93.01,Released,HPLC-ENZ-204,HPLC-02,Analyst_B,0.684,0
B2026-0274,ENZ-AN-001,Aspergillus niger,Rochester,F-01,2026-03-28,RM-8773,Supplier_B,5000,Released,53109.0,28.38,5.93,43.82,456.3,1.17,3.35,77.7,16.6,44.1,77.42,0,S00274,910.9,11.34,90.15,90.07,Released,HPLC-ENZ-204,HPLC-01,Analyst_D,0.0,0
B2026-0275,ENZ-AN-001,Aspergillus niger,Rochester,F-04,2026-06-19,RM-4156,Supplier_C,3000,Released,60518.0,28.6,5.31,36.05,525.4,0.83,2.87,72.1,21.0,41.1,80.52,0,S00275,797.8,15.17,93.01,92.93,Released,HPLC-ENZ-204,HPLC-02,Analyst_A,0.004,1
B2026-0276,ENZ-AN-001,Aspergillus niger,Wilmington,F-02,2026-01-29,RM-1370,Supplier_B,5000,Quality Review,48105.0,29.62,6.3,21.51,378.0,1.17,2.87,70.7,21.0,44.4,86.65,1,S00276,826.0,10.62,92.44,92.39,Hold,HPLC-ENZ-204,HPLC-02,Analyst_A,0.998,0
B2026-0277,ENZ-AN-001,Aspergillus niger,Wilmington,F-02,2026-03-15,RM-4116,Supplier_C,4000,Released,50191.0,30.01,5.75,37.37,344.1,1.35,4.2,71.4,21.9,40.4,87.33,0,S00277,913.5,11.44,93.85,93.72,Released,HPLC-ENZ-204,HPLC-03,Analyst_A,0.326,0
B2026-0278,ENZ-AN-001,Aspergillus niger,Rochester,F-02,2026-02-05,RM-2307,Supplier_B,4000,Released,42007.0,30.48,5.9,25.8,365.3,1.03,3.31,73.0,21.3,38.1,76.78,0,S00278,666.6,9.64,91.38,91.56,Released,HPLC-ENZ-204,HPLC-01,Analyst_D,0.012,0
B2026-0279,ENZ-AN-001,Aspergillus niger,Cedar Rapids,F-01,2026-03-09,RM-5799,Supplier_C,4000,Released,44305.0,30.33,6.61,27.38,456.3,1.17,4.3,79.2,16.6,51.6,80.15,0,S00279,785.6,12.97,93.52,94.05,Released,HPLC-ENZ-204,HPLC-01,Analyst_C,0.21,1
B2026-0280,ENZ-AN-001,Aspergillus niger,Cedar Rapids,F-02,2026-05-31,RM-2317,Supplier_A,4000,Released,48634.0,29.73,6.33,34.51,447.4,1.08,3.12,73.9,14.6,48.3,91.99,0,S00280,983.6,11.07,94.22,93.36,Released,HPLC-ENZ-204,HPLC-01,Analyst_C,0.0,0
B2026-0281,ENZ-AN-001,Aspergillus niger,Wilmington,F-01,2026-01-11,RM-9296,Supplier_A,4000,Released,51636.0,30.71,5.69,28.07,425.6,1.47,3.56,75.3,23.5,37.4,88.52,0,S00281,855.8,11.11,95.53,94.8,Released,HPLC-ENZ-204,HPLC-02,Analyst_C,0.024,0
B2026-0282,ENZ-AN-001,Aspergillus niger,Wilmington,F-01,2026-03-16,RM-6419,Supplier_B,5000,Quality Review,63499.0,30.72,5.59,39.14,358.2,1.33,4.72,77.3,20.7,45.4,78.28,1,S00282,685.7,10.72,92.84,91.61,Hold,HPLC-ENZ-204,HPLC-02,Analyst_B,0.946,0
B2026-0283,ENZ-AN-001,Aspergillus niger,Wilmington,F-02,2026-01-06,RM-3277,Supplier_A,4000,Released,55484.0,30.13,5.69,25.8,462.2,1.32,2.82,66.7,24.6,37.5,88.89,0,S00283,846.6,13.51,92.97,93.57,Released,HPLC-ENZ-204,HPLC-01,Analyst_A,0.014,0
B2026-0284,ENZ-AN-001,Aspergillus niger,Wilmington,F-01,2026-07-30,RM-9290,Supplier_A,3000,Released,46071.0,30.67,5.98,27.05,352.6,1.31,2.36,75.4,19.8,34.9,83.19,0,S00284,875.7,13.42,93.02,93.2,Released,HPLC-ENZ-204,HPLC-03,Analyst_D,0.004,0
B2026-0285,ENZ-AN-001,Aspergillus niger,Rochester,F-02,2026-06-09,RM-7926,Supplier_C,4000,Released,47268.0,30.19,5.76,26.75,483.7,1.19,4.11,70.7,14.4,48.2,80.64,0,S00285,803.0,14.86,91.45,91.8,Released,HPLC-ENZ-204,HPLC-02,Analyst_D,0.014,0
B2026-0286,ENZ-AN-001,Aspergillus niger,Wilmington,F-04,2026-02-23,RM-4939,Supplier_B,4000,Released,60936.0,29.61,5.66,27.47,577.2,1.24,2.95,60.7,23.9,31.8,80.99,0,S00286,751.7,11.61,93.59,92.59,Released,HPLC-ENZ-204,HPLC-03,Analyst_A,0.0,1
B2026-0287,ENZ-AN-001,Aspergillus niger,Wilmington,F-01,2026-02-13,RM-2318,Supplier_A,4000,Released,59323.0,30.49,6.31,40.79,440.2,0.99,3.39,62.4,18.5,47.6,85.97,0,S00287,805.9,12.78,94.3,95.55,Released,HPLC-ENZ-204,HPLC-02,Analyst_A,0.002,0
B2026-0288,ENZ-AN-001,Aspergillus niger,Wilmington,F-01,2026-01-22,RM-4093,Supplier_A,4000,Released,52183.0,30.08,5.76,37.03,452.1,0.81,3.08,67.4,21.4,40.5,84.71,0,S00288,799.6,10.82,96.43,96.01,Released,HPLC-ENZ-204,HPLC-01,Analyst_C,0.0,0
B2026-0289,ENZ-AN-001,Aspergillus niger,Rochester,F-01,2026-04-15,RM-6255,Supplier_A,3000,Released,49124.0,30.0,6.6,45.68,392.9,1.23,3.55,74.4,17.4,40.7,83.77,0,S00289,832.1,12.06,92.63,92.75,Released,HPLC-ENZ-204,HPLC-01,Analyst_A,0.0,0
B2026-0290,ENZ-AN-001,Aspergillus niger,Wilmington,F-03,2026-06-15,RM-7891,Supplier_A,4000,Released,59312.0,31.03,5.83,50.14,320.4,1.26,2.88,72.5,26.6,44.5,82.84,0,S00290,867.2,11.83,92.96,93.56,Released,HPLC-ENZ-204,HPLC-02,Analyst_C,0.126,0
B2026-0291,ENZ-AN-001,Aspergillus niger,Cedar Rapids,F-02,2026-05-09,RM-3357,Supplier_C,5000,Quality Review,45543.0,28.28,6.42,23.75,386.9,1.42,3.3,72.8,16.5,45.5,75.04,1,S00291,780.3,13.1,91.81,91.12,Hold,HPLC-ENZ-204,HPLC-02,Analyst_D,0.97,0
B2026-0292,ENZ-AN-001,Aspergillus niger,Wilmington,F-02,2026-07-13,RM-7682,Supplier_A,5000,Released,54548.0,29.01,5.93,32.56,359.9,1.48,3.65,80.8,18.7,37.0,84.58,0,S00292,844.1,13.82,93.71,93.33,Released,HPLC-ENZ-204,HPLC-03,Analyst_B,0.016,0
B2026-0293,ENZ-AN-001,Aspergillus niger,Cedar Rapids,F-01,2026-03-17,RM-3545,Supplier_A,3000,Quality Review,66772.0,29.17,6.14,22.59,340.4,1.48,2.85,66.3,20.4,46.3,79.02,1,S00293,710.8,13.79,93.36,93.49,Hold,HPLC-ENZ-204,HPLC-03,Analyst_B,0.992,0
B2026-0294,ENZ-AN-001,Aspergillus niger,Wilmington,F-02,2026-03-03,RM-3220,Supplier_B,4000,Released,53335.0,29.75,5.55,25.78,514.7,1.02,3.01,71.9,15.6,42.7,85.99,0,S00294,777.1,11.4,93.53,95.53,Released,HPLC-ENZ-204,HPLC-01,Analyst_D,0.014,0
B2026-0295,ENZ-AN-001,Aspergillus niger,Cedar Rapids,F-02,2026-04-16,RM-5022,Supplier_A,4000,Released,46959.0,29.82,5.5,26.96,435.0,1.14,3.21,73.4,21.3,34.5,83.15,0,S00295,833.9,13.8,94.62,94.83,Released,HPLC-ENZ-204,HPLC-01,Analyst_B,0.0,0
B2026-0296,ENZ-AN-001,Aspergillus niger,Cedar Rapids,F-02,2026-02-14,RM-2447,Supplier_A,3000,Quality Review,54667.0,28.94,5.96,23.54,440.9,1.29,2.61,68.7,26.4,41.0,84.99,1,S00296,766.9,12.44,92.76,93.88,Hold,HPLC-ENZ-204,HPLC-01,Analyst_A,0.98,0
B2026-0297,ENZ-AN-001,Aspergillus niger,Cedar Rapids,F-03,2026-08-03,RM-4641,Supplier_B,4000,Quality Review,48945.0,29.31,6.15,23.58,403.0,1.66,3.17,72.1,18.0,50.3,74.14,1,S00297,714.2,12.08,93.6,94.44,Hold,HPLC-ENZ-204,HPLC-01,Analyst_A,0.756,0
B2026-0298,ENZ-AN-001,Aspergillus niger,Cedar Rapids,F-04,2026-02-10,RM-4219,Supplier_B,3000,Released,42938.0,29.4,5.81,30.85,410.5,1.47,3.47,64.8,21.6,52.1,78.12,0,S00298,775.8,11.58,93.46,93.72,Released,HPLC-ENZ-204,HPLC-01,Analyst_D,0.01,0
B2026-0299,ENZ-AN-001,Aspergillus niger,Cedar Rapids,F-02,2026-04-16,RM-3520,Supplier_C,3000,Quality Review,56557.0,31.72,5.35,22.27,473.1,1.4,3.18,78.3,10.0,46.3,75.15,1,S00299,682.7,11.77,92.5,91.81,Hold,HPLC-ENZ-204,HPLC-01,Analyst_D,0.922,1
B2026-0300,ENZ-AN-001,Aspergillus niger,Rochester,F-04,2026-04-25,RM-7979,Supplier_B,4000,Quality Review,59266.0,31.26,5.32,38.74,418.2,1.13,3.25,68.9,19.8,34.9,83.08,1,S00300,763.1,14.77,92.93,93.67,Hold,HPLC-ENZ-204,HPLC-02,Analyst_A,0.918,0
